gameid,datacompleteness,url,league,year,split,playoffs,date,game,patch,participantid,side,position,playername,playerid,teamname,teamid,champion,ban1,ban2,ban3,ban4,ban5,pick1,pick2,pick3,pick4,pick5,gamelength,result,kills,deaths,assists,teamkills,teamdeaths,doublekills,triplekills,quadrakills,pentakills,firstblood,firstbloodkill,firstbloodassist,firstbloodvictim,"team kpm",ckpm,firstdragon,dragons,opp_dragons,elementaldrakes,opp_elementaldrakes,infernals,mountains,clouds,oceans,chemtechs,hextechs,"dragons (type unknown)",elders,opp_elders,firstherald,heralds,opp_heralds,void_grubs,opp_void_grubs,firstbaron,barons,opp_barons,firsttower,towers,opp_towers,firstmidtower,firsttothreetowers,turretplates,opp_turretplates,inhibitors,opp_inhibitors,damagetochampions,dpm,damageshare,damagetakenperminute,damagemitigatedperminute,wardsplaced,wpm,wardskilled,wcpm,controlwardsbought,visionscore,vspm,totalgold,earnedgold,"earned gpm",earnedgoldshare,goldspent,gspd,gpr,"total cs",minionkills,monsterkills,monsterkillsownjungle,monsterkillsenemyjungle,cspm,goldat10,xpat10,csat10,opp_goldat10,opp_xpat10,opp_csat10,golddiffat10,xpdiffat10,csdiffat10,killsat10,assistsat10,deathsat10,opp_killsat10,opp_assistsat10,opp_deathsat10,goldat15,xpat15,csat15,opp_goldat15,opp_xpat15,opp_csat15,golddiffat15,xpdiffat15,csdiffat15,killsat15,assistsat15,deathsat15,opp_killsat15,opp_assistsat15,opp_deathsat15,goldat20,xpat20,csat20,opp_goldat20,opp_xpat20,opp_csat20,golddiffat20,xpdiffat20,csdiffat20,killsat20,assistsat20,deathsat20,opp_killsat20,opp_assistsat20,opp_deathsat20,goldat25,xpat25,csat25,opp_goldat25,opp_xpat25,opp_csat25,golddiffat25,xpdiffat25,csdiffat25,killsat25,assistsat25,deathsat25,opp_killsat25,opp_assistsat25,opp_deathsat25
LOLTMNT02_22225,complete,,LCK,2024,Spring,0,"2024-01-17 11:06:26",1,14.01,3,Blue,mid,Chovy,oe:player:fb6e61b8acb05df17b7e5ad4ae7c800,Gen.G,oe:team:50f58982d91a36557ec8aec52ab014f,Corki,Ashe,"Renata Glasc",Orianna,Nocturne,"Lee Sin",,,,,,1739,0,2,1,2,4,6,0,0,0,0,0,0,0,0,0.138,0.345,,,,,,,,,,,,,,,,,,,,,0,0,,,,,,,,0,0,18417,635.4342,0.408676,411.5124,259.839,16,0.552,14,0.483,5,51,1.7596,12050,8227,283.8528,0.292072,12275,,,267,260,7,,,9.2122,3396,4732,90,3646,5397,95,-250,-665,-5,0,0,0,0,0,0,6569,8159,156,5908,8485,156,661,-326,0,1,0,0,1,0,1,8500,10330,202,8055,10853,196,445,-523,6,1,0,0,1,1,1,10725,12814,241,9430,12962,219,1295,-148,22,2,2,0,1,1,3
LOLTMNT02_21273,complete,,LCK,2024,Spring,0,"2024-01-17 11:57:38",2,14.01,8,Red,mid,Chovy,oe:player:fb6e61b8acb05df17b7e5ad4ae7c800,Gen.G,oe:team:50f58982d91a36557ec8aec52ab014f,Tristana,Ashe,"Renata Glasc",Orianna,Milio,Bard,,,,,,1890,1,8,2,7,17,10,1,0,0,0,0,0,0,0,0.5397,0.8571,,,,,,,,,,,,,,,,,,,,,0,0,,,,,,,,1,0,25971,824.4762,0.342689,671.746,577.6825,16,0.5079,18,0.5714,6,61,1.9365,16933,12802,406.4127,0.312407,13480,,,333,310,23,,,10.5714,3595,4482,85,3516,4841,88,79,-359,-3,1,0,1,0,1,0,6008,7368,142,5685,7538,148,323,-170,-6,1,2,1,0,1,0,8740,10856,202,7611,9820,192,1129,1036,10,2,3,1,0,1,1,11127,13622,253,9117,11845,224,2010,1777,29,3,4,2,0,3,2
LOLTMNT02_21295,complete,,LCK,2024,Spring,0,"2024-01-17 12:49:50",3,14.01,8,Red,mid,Chovy,oe:player:fb6e61b8acb05df17b7e5ad4ae7c800,Gen.G,oe:team:50f58982d91a36557ec8aec52ab014f,Yone,Ashe,"Renata Glasc",Orianna,"Lee Sin",Poppy,,,,,,2571,1,7,2,9,25,10,0,0,0,0,1,0,1,0,0.5834,0.8168,,,,,,,,,,,,,,,,,,,,,1,0,,,,,,,,1,1,18831,439.4632,0.198731,688.4014,951.6453,9,0.21,17,0.3967,7,55,1.2835,21194,15674,365.7876,0.262496,24685,,,409,389,20,,,9.5449,4080,4139,87,3476,4681,90,604,-542,-3,1,3,0,0,0,0,6085,6974,138,5151,7156,139,934,-182,-1,1,4,0,0,0,0,8835,9988,192,6973,9413,177,1862,575,15,2,4,0,1,0,0,11016,12709,241,8623,11479,218,2393,1230,23,3,4,0,1,1,1
LOLTMNT02_25093,complete,,LCK,2024,Spring,0,"2024-01-20 08:36:07",1,14.01,8,Red,mid,Chovy,oe:player:fb6e61b8acb05df17b7e5ad4ae7c800,Gen.G,oe:team:50f58982d91a36557ec8aec52ab014f,Taliyah,Kalista,Vi,Ashe,Rell,K'Sante,,,,,,1567,1,1,1,11,16,4,0,0,0,0,0,0,0,0,0.6126,0.7658,,,,,,,,,,,,,,,,,,,,,0,0,,,,,,,,0,0,23308,892.4569,0.326571,446.1519,238.6216,14,0.5361,11,0.4212,6,45,1.723,11848,8376,320.7147,0.228729,10450,,,265,257,8,,,10.1468,3298,4593,86,3384,4977,90,-86,-384,-4,0,0,0,0,0,0,5381,7501,139,5438,8178,147,-57,-677,-8,0,1,1,1,0,0,8126,10525,190,7174,10062,182,952,463,8,0,7,1,1,0,1,11079,14164,255,8802,12113,223,2277,2051,32,1,7,1,1,0,1
LOLTMNT02_29804,complete,,LCK,2024,Spring,0,"2024-01-25 10:35:32",1,14.01,8,Red,mid,Chovy,oe:player:fb6e61b8acb05df17b7e5ad4ae7c800,Gen.G,oe:team:50f58982d91a36557ec8aec52ab014f,Corki,Poppy,Orianna,"Lee Sin","Xin Zhao",Wukong,,,,,,1902,1,5,2,8,16,7,2,0,0,0,0,0,0,0,0.5047,0.7256,,,,,,,,,,,,,,,,,,,,,0,0,,,,,,,,0,0,34622,1092.1767,0.413847,424.3849,259.3375,15,0.4732,12,0.3785,4,48,1.5142,17960,13804,435.4574,0.27448,17250,,,338,316,22,,,10.6625,3640,4988,97,3408,5028,96,232,-40,1,0,0,0,0,0,0,6996,8463,161,5246,7842,154,1750,621,7,2,2,0,0,0,0,9534,11303,211,7526,10441,194,2008,862,17,2,4,2,2,1,1,12876,15206,255,9139,12366,239,3737,2840,16,3,4,2,2,1,1
LOLTMNT02_30776,complete,,LCK,2024,Spring,0,"2024-01-25 11:26:48",2,14.01,8,Red,mid,Chovy,oe:player:fb6e61b8acb05df17b7e5ad4ae7c800,Gen.G,oe:team:50f58982d91a36557ec8aec52ab014f,Jayce,Poppy,Orianna,Senna,Vi,Rell,,,,,,1657,1,10,1,4,24,8,3,0,0,0,0,0,0,0,0.869,1.1587,,,,,,,,,,,,,,,,,,,,,0,0,,,,,,,,0,0,32345,1171.213,0.343968,423.3675,298.2981,13,0.4707,13,0.4707,8,48,1.7381,15383,11727,424.6349,0.274443,13850,,,284,248,36,,,10.2836,3750,5150,100,3433,5052,97,317,98,3,0,0,0,0,1,0,6756,7969,150,5375,7713,155,1381,256,-5,3,1,0,0,1,0,10644,11535,212,6783,9630,188,3861,1905,24,6,1,0,0,1,2,13508,14785,266,8905,12335,240,4603,2450,26,8,2,1,1,2,3
LOLTMNT02_31940,complete,,LCK,2024,Spring,0,"2024-01-27 06:08:42",1,14.01,3,Blue,mid,Chovy,oe:player:fb6e61b8acb05df17b7e5ad4ae7c800,Gen.G,oe:team:50f58982d91a36557ec8aec52ab014f,K'Sante,Vi,Orianna,Kalista,"Lee Sin",Rumble,,,,,,2224,0,3,6,2,7,17,1,0,0,0,0,0,0,0,0.1888,0.6475,,,,,,,,,,,,,,,,,,,,,0,0,,,,,,,,0,0,15241,411.1781,0.235299,806.3579,1167.7878,7,0.1888,18,0.4856,4,44,1.1871,15122,10309,278.1205,0.265946,14375,,,331,323,8,,,8.9299,3618,5104,106,3797,4805,85,-179,299,21,0,0,0,1,0,0,6141,7472,150,6640,7930,138,-499,-458,12,2,0,1,3,1,0,8231,9595,199,8809,11715,174,-578,-2120,25,2,1,2,4,3,0,10083,12029,235,11892,15190,235,-1809,-3161,0,3,2,3,5,4,0
LOLTMNT02_32961,complete,,LCK,2024,Spring,0,"2024-01-27 07:09:38",2,14.01,3,Blue,mid,Chovy,oe:player:fb6e61b8acb05df17b7e5ad4ae7c800,Gen.G,oe:team:50f58982d91a36557ec8aec52ab014f,Jayce,Vi,Orianna,Rakan,LeBlanc,Akali,,,,,,2552,1,3,1,3,11,8,0,0,0,0,0,0,0,0,0.2586,0.4467,,,,,,,,,,,,,,,,,,,,,0,0,,,,,,,,0,0,30728,722.4451,0.3111,370.9091,304.4436,23,0.5408,32,0.7524,8,115,2.7038,19109,13627,320.384,0.274034,17500,,,403,379,24,,,9.4749,3400,4950,94,3882,5241,98,-482,-291,-4,0,0,0,1,0,0,5317,7863,152,5857,8001,155,-540,-138,-3,0,0,0,1,0,0,7863,11181,215,7698,10808,203,165,373,12,0,0,0,1,1,0,9834,13644,269,9715,12827,243,119,817,26,0,1,0,2,1,0
LOLTMNT02_31982,complete,,LCK,2024,Spring,0,"2024-01-27 08:14:12",3,14.01,8,Red,mid,Chovy,oe:player:fb6e61b8acb05df17b7e5ad4ae7c800,Gen.G,oe:team:50f58982d91a36557ec8aec52ab014f,Tristana,Vi,Orianna,Rakan,Jayce,Yone,,,,,,1773,1,4,0,2,14,4,0,0,0,0,0,0,0,0,0.4738,0.6091,,,,,,,,,,,,,,,,,,,,,0,0,,,,,,,,0,0,17497,592.1151,0.286109,417.3942,538.9848,16,0.5415,20,0.6768,7,54,1.8274,15800,11907,402.9442,0.304069,12475,,,361,333,28,,,12.2166,3433,4950,97,3370,5035,95,63,-85,2,0,0,0,0,0,0,6046,7743,151,5205,7594,148,841,149,3,1,0,0,0,1,1,8905,10817,208,7231,10484,202,1674,333,6,3,0,0,0,1,1,12157,15020,288,9224,12496,246,2933,2524,42,3,0,0,1,1,1
LOLTMNT02_41039,complete,,LCK,2024,Spring,0,"2024-02-02 08:06:17",1,14.01,8,Red,mid,Chovy,oe:player:fb6e61b8acb05df17b7e5ad4ae7c800,Gen.G,oe:team:50f58982d91a36557ec8aec52ab014f,Neeko,Ashe,Senna,Vi,Nocturne,Sejuani,,,,,,2050,1,2,2,7,20,11,0,0,0,0,0,0,0,0,0.5854,0.9073,,,,,,,,,,,,,,,,,,,,,0,0,,,,,,,,0,0,18018,527.3561,0.210742,486.9951,302.7512,15,0.439,17,0.4976,13,60,1.7561,13419,8961,262.2732,0.210896,13275,,,312,302,10,,,9.1317,3382,4834,91,3295,4808,85,87,26,6,0,0,0,0,0,0,5363,7958,156,6063,7794,141,-700,164,15,0,0,0,2,0,0,7609,10985,203,8331,10429,185,-722,556,18,1,2,0,2,1,0,9567,13798,257,10390,12821,230,-823,977,27,1,3,0,3,2,0
LOLTMNT02_41040,complete,,LCK,2024,Spring,0,"2024-02-02 09:01:32",2,14.01,8,Red,mid,Chovy,oe:player:fb6e61b8acb05df17b7e5ad4ae7c800,Gen.G,oe:team:50f58982d91a36557ec8aec52ab014f,Yone,Senna,Orianna,Ashe,Taliyah,LeBlanc,,,,,,1449,1,5,1,7,20,4,0,0,0,0,0,0,0,0,0.8282,0.9938,,,,,,,,,,,,,,,,,,,,,0,0,,,,,,,,0,0,15012,621.6149,0.234944,569.9379,757.1843,9,0.3727,5,0.207,5,26,1.0766,11623,8391,347.4534,0.249217,9825,,,219,207,12,,,9.0683,3755,4815,86,2946,4643,73,809,172,13,1,1,0,0,0,1,6229,7735,139,4517,7364,119,1712,371,20,2,2,0,0,0,2,8047,10191,181,6478,9148,155,1569,1043,26,2,4,1,1,1,3,11623,13711,219,7340,9686,165,4283,4025,54,5,7,1,1,1,5
LOLTMNT02_41281,complete,,LCK,2024,Spring,0,"2024-02-04 09:19:54",1,14.01,8,Red,mid,Chovy,oe:player:fb6e61b8acb05df17b7e5ad4ae7c800,Gen.G,oe:team:50f58982d91a36557ec8aec52ab014f,Corki,Orianna,Rakan,K'Sante,Yasuo,Irelia,,,,,,1962,1,8,1,5,18,11,2,1,0,0,0,0,0,0,0.5505,0.8869,,,,,,,,,,,,,,,,,,,,,0,0,,,,,,,,0,0,47165,1442.3547,0.492791,363.9144,261.5291,16,0.4893,13,0.3976,3,55,1.682,18047,13769,421.0703,0.307262,16975,,,309,279,30,,,9.4495,3685,4763,99,3431,4941,90,254,-178,9,0,0,0,0,0,0,6330,7750,155,5344,7847,148,986,-97,7,0,1,0,0,0,1,8496,9647,192,7272,11048,207,1224,-1401,-15,0,1,0,0,0,1,12718,13251,228,9429,15256,263,3289,-2005,-35,4,3,0,0,1,2
LOLTMNT01_55642,complete,,LCK,2024,Spring,0,"2024-02-14 08:05:22",1,14.02,8,Red,mid,Chovy,oe:player:fb6e61b8acb05df17b7e5ad4ae7c800,Gen.G,oe:team:50f58982d91a36557ec8aec52ab014f,Azir,Orianna,Karma,Kalista,Vi,Viego,,,,,,1933,0,1,5,7,11,23,0,0,0,0,0,0,0,0,0.3414,1.0554,,,,,,,,,,,,,,,,,,,,,0,0,,,,,,,,0,0,18953,588.298,0.244073,770.3156,477.672,15,0.4656,14,0.4346,6,53,1.6451,13186,8967,278.3342,0.253154,12650,,,315,312,3,,,9.7775,3770,5106,93,3405,4644,89,365,462,4,1,0,0,0,0,1,5622,7607,142,5609,7399,142,13,208,0,1,1,1,1,3,1,7837,10242,196,7787,10416,202,50,-174,-6,1,1,1,1,3,1,9972,13436,246,10194,12676,242,-222,760,4,1,6,2,3,4,2
LOLTMNT01_56440,complete,,LCK,2024,Spring,0,"2024-02-14 08:59:16",2,14.02,3,Blue,mid,Chovy,oe:player:fb6e61b8acb05df17b7e5ad4ae7c800,Gen.G,oe:team:50f58982d91a36557ec8aec52ab014f,Karma,Orianna,Vi,Taliyah,Tristana,Poppy,,,,,,1773,0,1,2,2,5,15,0,0,0,0,0,0,0,0,0.1692,0.6768,,,,,,,,,,,,,,,,,,,,,0,0,,,,,,,,0,1,13460,455.4992,0.208395,391.6751,429.4755,13,0.4399,12,0.4061,4,43,1.4552,11540,7647,258.7817,0.277581,11300,,,295,291,4,,,9.9831,3628,5211,101,3098,4775,85,530,436,16,0,0,0,0,0,0,5425,8239,155,5145,7319,134,280,920,21,0,0,0,0,0,0,7492,11616,220,7062,10016,187,430,1600,33,0,0,0,0,0,0,8916,13502,255,9465,12930,221,-549,572,34,0,0,1,0,3,0
LOLTMNT01_58454,complete,,LCK,2024,Spring,0,"2024-02-17 06:07:13",1,14.02,3,Blue,mid,Chovy,oe:player:fb6e61b8acb05df17b7e5ad4ae7c800,Gen.G,oe:team:50f58982d91a36557ec8aec52ab014f,Azir,Maokai,Vi,Ashe,Akali,Yone,,,,,,1491,1,6,0,3,11,2,1,0,0,0,1,0,1,0,0.4427,0.5231,,,,,,,,,,,,,,,,,,,,,0,0,,,,,,,,0,0,16585,667.4044,0.311725,366.3581,326.841,15,0.6036,11,0.4427,8,39,1.5694,12795,9478,381.4085,0.303504,11105,,,280,268,12,,,11.2676,3662,5123,99,3251,4695,88,411,428,11,0,1,0,0,0,1,5858,8423,165,4903,7071,133,955,1352,32,0,1,0,0,0,1,8650,11577,226,6778,9365,175,1872,2212,51,1,1,0,1,1,1,12795,15873,280,8241,11086,210,4554,4787,70,6,3,0,1,1,3
LOLTMNT01_58466,complete,,LCK,2024,Spring,0,"2024-02-17 06:53:58",2,14.02,8,Red,mid,Chovy,oe:player:fb6e61b8acb05df17b7e5ad4ae7c800,Gen.G,oe:team:50f58982d91a36557ec8aec52ab014f,Hwei,Senna,Maokai,Kalista,Vi,"Jarvan IV",,,,,,1994,1,3,2,5,11,6,0,0,0,0,0,0,0,0,0.331,0.5115,,,,,,,,,,,,,,,,,,,,,0,0,,,,,,,,0,0,17309,520.8325,0.263825,340.9829,213.009,19,0.5717,12,0.3611,7,67,2.016,14298,9955,299.5486,0.237138,12775,,,295,295,0,,,8.8766,3278,4567,86,3307,4646,91,-29,-79,-5,0,1,0,0,0,0,5298,7365,138,6074,7679,143,-776,-314,-5,0,1,1,3,0,0,7441,9819,183,8965,11428,212,-1524,-1609,-29,0,1,2,4,0,0,9645,12386,238,11045,13819,259,-1400,-1433,-21,0,1,2,4,0,0
LOLTMNT02_53568,complete,,LCK,2024,Spring,0,"2024-02-22 10:35:50",1,14.03,3,Blue,mid,Chovy,oe:player:fb6e61b8acb05df17b7e5ad4ae7c800,Gen.G,oe:team:50f58982d91a36557ec8aec52ab014f,Azir,Sejuani,Smolder,Poppy,Sivir,Ezreal,,,,,,1728,1,7,1,6,18,6,1,0,0,0,0,0,0,0,0.625,0.8333,,,,,,,,,,,,,,,,,,,,,0,0,,,,,,,,2,0,24322,844.5139,0.341889,658.8194,409.7917,12,0.4167,15,0.5208,5,49,1.7014,15299,11498,399.2361,0.271876,14875,,,319,299,20,,,11.0764,3444,4732,96,3566,4605,100,-122,127,-4,0,0,0,0,0,0,6028,7811,163,5973,7449,153,55,362,10,1,0,0,0,0,0,8386,10439,211,7899,9615,181,487,824,30,2,1,0,2,0,0,11833,14689,276,9502,11935,219,2331,2754,57,3,4,0,2,1,1
LOLTMNT02_55608,complete,,LCK,2024,Spring,0,"2024-02-24 08:41:13",1,14.03,3,Blue,mid,Chovy,oe:player:fb6e61b8acb05df17b7e5ad4ae7c800,Gen.G,oe:team:50f58982d91a36557ec8aec52ab014f,"Aurelion Sol",Kalista,Ashe,Rakan,Udyr,Vi,,,,,,2103,1,4,2,10,18,7,0,0,0,0,0,0,0,0,0.5136,0.7133,,,,,,,,,,,,,,,,,,,,,0,0,,,,,,,,0,0,26877,766.8188,0.304531,588.873,307.903,18,0.5136,13,0.3709,8,73,2.0827,14975,10409,296.9757,0.230864,14100,,,310,286,24,,,8.8445,3381,5090,95,3486,5035,97,-105,55,-2,0,0,0,0,0,0,5337,7928,155,5616,8335,164,-279,-407,-9,0,0,0,0,0,0,6950,9609,182,7918,11186,223,-968,-1577,-41,0,0,1,0,0,0,9174,12476,220,9704,13723,274,-530,-1247,-54,2,2,1,0,1,1
LOLTMNT02_55648,complete,,LCK,2024,Spring,0,"2024-02-24 09:37:15",2,14.03,3,Blue,mid,Chovy,oe:player:fb6e61b8acb05df17b7e5ad4ae7c800,Gen.G,oe:team:50f58982d91a36557ec8aec52ab014f,Azir,Kalista,Ashe,Rakan,Sejuani,Tristana,,,,,,1691,1,3,2,6,11,12,0,0,0,0,1,1,0,0,0.3903,0.8161,,,,,,,,,,,,,,,,,,,,,0,0,,,,,,,,1,0,17727,628.9888,0.280846,411.9101,240.9935,16,0.5677,24,0.8516,8,57,2.0225,12797,9072,321.8924,0.26235,11230,,,297,281,16,,,10.5381,3779,4816,88,3246,4506,86,533,310,2,1,0,0,0,1,1,5873,8053,154,4940,7458,139,933,595,15,1,0,0,0,1,1,7894,10786,211,6960,10651,196,934,135,15,1,0,1,0,3,1,10011,12926,254,9325,13492,237,686,-566,17,2,1,2,2,6,1
LOLTMNT02_58682,complete,,LCK,2024,Spring,0,"2024-02-28 08:08:27",1,14.03,8,Red,mid,Chovy,oe:player:fb6e61b8acb05df17b7e5ad4ae7c800,Gen.G,oe:team:50f58982d91a36557ec8aec52ab014f,Azir,Senna,Kalista,"Renata Glasc",Alistar,Aatrox,,,,,,1960,1,6,0,5,14,1,2,0,0,0,0,0,0,0,0.4286,0.4592,,,,,,,,,,,,,,,,,,,,,0,0,,,,,,,,0,0,19988,611.8776,0.27467,498.8878,451.6224,19,0.5816,24,0.7347,8,78,2.3878,16616,12342,377.8163,0.280347,14450,,,380,367,13,,,11.6327,3492,5042,94,3335,4694,88,157,348,6,0,0,0,0,0,0,5787,8248,156,5271,7581,143,516,667,13,1,0,0,0,0,0,8769,11985,229,7194,10395,195,1575,1590,34,2,1,0,0,0,0,10843,14984,287,9092,12908,246,1751,2076,41,2,3,0,0,0,0
LOLTMNT02_59611,complete,,LCK,2024,Spring,0,"2024-02-28 09:02:22",2,14.03,8,Red,mid,Chovy,oe:player:fb6e61b8acb05df17b7e5ad4ae7c800,Gen.G,oe:team:50f58982d91a36557ec8aec52ab014f,LeBlanc,Senna,Kalista,"Renata Glasc",Alistar,Karma,,,,,,1939,1,8,1,7,21,12,1,0,0,0,0,0,0,0,0.6498,1.0211,,,,,,,,,,,,,,,,,,,,,0,0,,,,,,,,0,0,30583,946.3538,0.347736,521.0315,243.0634,13,0.4023,30,0.9283,9,52,1.6091,16429,12198,377.4523,0.258329,15775,,,292,292,0,,,9.0356,3823,4503,88,3518,4778,92,305,-275,-4,1,1,0,0,1,0,5642,7131,143,5914,7820,149,-272,-689,-6,1,1,0,1,2,0,7665,9297,191,7904,10106,184,-239,-809,7,2,1,0,2,3,0,11358,12642,225,9484,12199,213,1874,443,12,5,4,1,3,4,2
LOLTMNT02_61569,complete,,LCK,2024,Spring,0,"2024-03-01 09:29:21",1,14.03,3,Blue,mid,Chovy,oe:player:fb6e61b8acb05df17b7e5ad4ae7c800,Gen.G,oe:team:50f58982d91a36557ec8aec52ab014f,Azir,Taliyah,"Renata Glasc",K'Sante,"Lee Sin",Vi,,,,,,1760,1,1,0,8,12,0,0,0,0,0,0,0,0,0,0.4091,0.4091,,,,,,,,,,,,,,,,,,,,,0,0,,,,,,,,1,0,13447,458.4205,0.27181,498.5114,332.3523,15,0.5114,8,0.2727,7,37,1.2614,13339,9473,322.9432,0.220518,12725,,,305,293,12,,,10.3977,3099,4537,79,3089,4450,79,10,87,0,0,0,0,0,0,0,4859,7202,130,4986,7082,134,-127,120,-4,0,0,0,0,0,0,6871,10122,188,6635,9487,180,236,635,8,0,0,0,0,0,0,10292,14264,244,8236,11292,216,2056,2972,28,0,4,0,0,0,1
LOLTMNT02_61595,complete,,LCK,2024,Spring,0,"2024-03-01 10:20:23",2,14.03,8,Red,mid,Chovy,oe:player:fb6e61b8acb05df17b7e5ad4ae7c800,Gen.G,oe:team:50f58982d91a36557ec8aec52ab014f,Corki,Senna,Taliyah,Varus,"Xin Zhao",K'Sante,,,,,,2125,1,2,1,12,19,9,0,0,0,0,1,0,1,0,0.5365,0.7906,,,,,,,,,,,,,,,,,,,,,0,0,,,,,,,,1,0,32084,905.9012,0.361294,541.92,391.7647,18,0.5082,15,0.4235,5,54,1.5247,17363,12752,360.0565,0.248648,16875,,,377,329,48,,,10.6447,3640,4949,91,3403,4778,83,237,171,8,0,1,0,1,0,0,6086,8130,159,5333,7802,143,753,328,16,0,1,0,1,0,0,8358,11419,223,7408,10694,200,950,725,23,0,1,0,1,2,0,10890,14659,286,8822,12518,234,2068,2141,52,0,2,0,1,2,1
LOLTMNT03_48296,complete,,LCK,2024,Spring,0,"2024-03-06 08:29:39",1,14.04,3,Blue,mid,Chovy,oe:player:fb6e61b8acb05df17b7e5ad4ae7c800,Gen.G,oe:team:50f58982d91a36557ec8aec52ab014f,Taliyah,Maokai,Vi,Varus,Ivern,Rell,,,,,,1804,1,2,0,7,12,4,1,0,0,0,0,0,0,0,0.3991,0.5322,,,,,,,,,,,,,,,,,,,,,1,0,,,,,,,,0,0,25214,838.6031,0.298893,252.6718,142.6497,21,0.6984,7,0.2328,9,53,1.7627,13057,9101,302.694,0.232946,11325,,,311,290,21,,,10.3437,3816,5118,104,3338,5018,91,478,100,13,0,1,0,0,0,0,5681,7781,159,5271,7754,145,410,27,14,0,2,0,0,0,0,7793,10733,214,7280,10003,187,513,730,27,0,2,0,0,1,1,9811,14152,257,8775,11912,225,1036,2240,32,0,5,0,0,1,1
LOLTMNT03_48298,complete,,LCK,2024,Spring,0,"2024-03-06 09:20:38",2,14.04,3,Blue,mid,Chovy,oe:player:fb6e61b8acb05df17b7e5ad4ae7c800,Gen.G,oe:team:50f58982d91a36557ec8aec52ab014f,Ahri,Maokai,Vi,Varus,Jax,Irelia,,,,,,1687,1,3,2,8,13,10,0,0,0,0,1,0,1,0,0.4624,0.818,,,,,,,,,,,,,,,,,,,,,0,0,,,,,,,,0,0,21262,756.2063,0.308194,489.9941,294.4517,25,0.8892,24,0.8536,6,62,2.2051,12422,8705,309.6028,0.238363,12375,,,264,264,0,,,9.3894,3919,5162,99,3814,4709,92,105,453,7,0,2,0,1,2,0,6126,7989,156,5347,6956,135,779,1033,21,1,4,0,1,2,1,8001,10257,190,7545,10117,188,456,140,2,1,6,2,1,4,1,9682,11816,224,9034,11529,206,648,287,18,2,6,2,2,5,1
LOLTMNT03_50419,complete,,LCK,2024,Spring,0,"2024-03-09 05:15:10",1,14.04,8,Red,mid,Chovy,oe:player:fb6e61b8acb05df17b7e5ad4ae7c800,Gen.G,oe:team:50f58982d91a36557ec8aec52ab014f,Corki,Orianna,Senna,Ashe,Vi,Neeko,,,,,,1615,1,7,0,2,13,0,1,0,0,0,0,0,0,0,0.483,0.483,,,,,,,,,,,,,,,,,,,,,0,0,,,,,,,,2,0,21069,782.7492,0.438353,403.6533,367.2817,17,0.6316,18,0.6687,7,57,2.1176,13831,10261,381.2136,0.273017,11555,,,292,283,9,,,10.8483,3714,5212,105,3522,5136,100,192,76,5,0,0,0,0,0,0,5834,8544,169,5268,7974,158,566,570,11,0,1,0,0,0,0,8911,11960,232,6414,9257,179,2497,2703,53,2,1,0,0,0,1,11573,14775,269,8173,11988,223,3400,2787,46,4,1,0,0,0,1
LOLTMNT03_51351,complete,,LCK,2024,Spring,0,"2024-03-09 06:11:18",2,14.04,8,Red,mid,Chovy,oe:player:fb6e61b8acb05df17b7e5ad4ae7c800,Gen.G,oe:team:50f58982d91a36557ec8aec52ab014f,Ahri,Orianna,Senna,Ashe,Aatrox,Gragas,,,,,,1886,1,3,1,6,16,7,0,0,0,0,0,0,0,0,0.509,0.7317,,,,,,,,,,,,,,,,,,,,,0,0,,,,,,,,1,0,20684,658.0276,0.286288,547.1262,359.2683,28,0.8908,15,0.4772,7,70,2.2269,13990,9867,313.9024,0.22564,13125,,,312,312,0,,,9.9258,3537,5360,101,3594,5008,89,-57,352,12,0,0,0,1,0,0,5572,7943,148,5634,7921,149,-62,22,-1,1,1,1,1,2,1,7576,10656,202,7526,10542,201,50,114,1,1,2,1,1,3,1,10098,14940,249,8793,12127,236,1305,2813,13,2,3,1,1,3,2
LOLTMNT03_55288,complete,,LCK,2024,Spring,0,"2024-03-15 08:05:03",1,14.04,3,Blue,mid,Chovy,oe:player:fb6e61b8acb05df17b7e5ad4ae7c800,Gen.G,oe:team:50f58982d91a36557ec8aec52ab014f,Kassadin,Smolder,Vi,K'Sante,Tristana,Renekton,,,,,,1909,1,6,0,3,10,5,1,0,0,0,0,0,0,0,0.3143,0.4715,,,,,,,,,,,,,,,,,,,,,0,0,,,,,,,,1,0,25263,794.0178,0.299335,712.0168,854.4893,10,0.3143,26,0.8172,7,59,1.8544,17942,13772,432.8549,0.313448,14475,,,377,365,12,,,11.8491,3863,5165,102,3425,5035,90,438,130,12,0,0,0,0,1,0,5882,8248,162,5312,7921,141,570,327,21,0,0,0,0,1,0,8164,10884,213,6513,9197,165,1651,1687,48,1,1,0,0,2,1,12550,17129,280,9032,12126,215,3518,5003,65,4,2,0,2,2,2
LOLTMNT03_55290,complete,,LCK,2024,Spring,0,"2024-03-15 08:58:03",2,14.04,3,Blue,mid,Chovy,oe:player:fb6e61b8acb05df17b7e5ad4ae7c800,Gen.G,oe:team:50f58982d91a36557ec8aec52ab014f,Taliyah,Smolder,Vi,K'Sante,Jax,Orianna,,,,,,1936,1,5,4,10,19,8,0,0,0,0,0,0,0,0,0.5888,0.8368,,,,,,,,,,,,,,,,,,,,,0,0,,,,,,,,0,0,22162,686.8388,0.267205,395.6405,275.6715,22,0.6818,14,0.4339,11,58,1.7975,14695,10470,324.4835,0.246794,13875,,,298,290,8,,,9.2355,3911,5505,100,3649,4860,88,262,645,12,1,1,1,1,0,0,6107,8005,153,5508,7465,130,599,540,23,2,1,3,1,2,0,8033,10350,195,7482,10018,171,551,332,24,2,2,4,2,3,1,10089,12796,237,9245,12611,206,844,185,31,3,3,4,2,3,1
LOLTMNT03_54940,complete,,LCK,2024,Spring,0,"2024-03-17 09:54:02",1,14.04,8,Red,mid,Chovy,oe:player:fb6e61b8acb05df17b7e5ad4ae7c800,Gen.G,oe:team:50f58982d91a36557ec8aec52ab014f,Corki,Senna,Rell,Ashe,K'Sante,Aatrox,,,,,,1934,0,4,5,4,8,21,0,0,0,0,0,0,0,0,0.2482,0.8997,,,,,,,,,,,,,,,,,,,,,0,0,,,,,,,,0,1,29616,918.8004,0.404745,608.3144,588.4281,15,0.4654,10,0.3102,4,37,1.1479,16360,12139,376.5977,0.311575,16600,,,337,329,8,,,10.455,3624,4988,96,3714,4968,93,-90,20,3,0,1,1,0,4,0,6443,7677,150,6243,8202,153,200,-525,-3,1,1,2,0,6,0,9119,11313,209,9060,10935,203,59,378,6,2,1,2,1,6,0,12544,15087,267,10970,14058,238,1574,1029,29,3,2,3,1,8,1
LOLTMNT03_55575,complete,,LCK,2024,Spring,0,"2024-03-17 10:49:55",2,14.04,3,Blue,mid,Chovy,oe:player:fb6e61b8acb05df17b7e5ad4ae7c800,Gen.G,oe:team:50f58982d91a36557ec8aec52ab014f,Taliyah,Karma,Rell,Smolder,Rakan,Lucian,,,,,,2187,1,1,2,3,11,4,0,0,0,0,0,0,0,1,0.3018,0.4115,,,,,,,,,,,,,,,,,,,,,1,0,,,,,,,,0,0,16814,461.2894,0.224435,265.7064,165.5967,23,0.631,16,0.439,9,65,1.7833,15651,10914,299.4239,0.251487,15625,,,341,321,20,,,9.3553,3428,5002,93,3662,5018,83,-234,-16,10,0,0,1,1,0,0,6082,8677,158,5592,8099,142,490,578,16,0,1,1,1,0,0,8007,11119,202,7228,9505,168,779,1614,34,0,2,1,1,1,1,9911,13214,242,8300,10797,189,1611,2417,53,0,2,1,1,1,1
LOLTMNT03_55576,complete,,LCK,2024,Spring,0,"2024-03-17 11:49:07",3,14.04,8,Red,mid,Chovy,oe:player:fb6e61b8acb05df17b7e5ad4ae7c800,Gen.G,oe:team:50f58982d91a36557ec8aec52ab014f,Tristana,Senna,Rell,Kalista,Lulu,Nautilus,,,,,,2558,1,9,3,3,16,14,2,0,0,0,0,0,0,0,0.3753,0.7037,,,,,,,,,,,,,,,,,,,,,0,0,,,,,,,,1,0,31673,742.9163,0.261659,569.5778,808.4988,22,0.516,35,0.821,5,111,2.6036,22504,17010,398.9836,0.313912,18625,,,462,381,81,,,10.8366,3825,4735,82,3089,4652,78,736,83,4,1,1,0,0,0,2,5700,6595,116,5042,7295,124,658,-700,-8,2,1,1,0,1,2,8873,9725,180,6520,9856,161,2353,-131,19,2,1,1,0,1,2,10998,12348,235,8045,11808,195,2953,540,40,2,1,1,0,1,2
LOLTMNT01_71870,complete,,LCK,2024,Spring,0,"2024-03-20 08:06:20",1,14.05,8,Red,mid,Chovy,oe:player:fb6e61b8acb05df17b7e5ad4ae7c800,Gen.G,oe:team:50f58982d91a36557ec8aec52ab014f,Yone,Senna,Kalista,Smolder,Malphite,Ahri,,,,,,1500,1,2,1,1,14,3,0,0,0,0,0,0,0,0,0.56,0.68,,,,,,,,,,,,,,,,,,,,,0,0,,,,,,,,0,0,8841,353.64,0.150657,584.36,623.32,8,0.32,5,0.2,4,28,1.12,10467,7131,285.24,0.190085,9730,,,267,250,17,,,10.68,3387,5228,99,3472,5182,99,-85,46,0,0,0,0,0,0,0,5706,8345,156,5267,8129,152,439,216,4,1,0,0,0,0,1,7645,10993,208,6721,10111,174,924,882,34,1,0,1,0,1,2,10467,14175,267,7944,11695,201,2523,2480,66,2,1,1,0,1,4
LOLTMNT01_71886,complete,,LCK,2024,Spring,0,"2024-03-20 08:52:19",2,14.05,8,Red,mid,Chovy,oe:player:fb6e61b8acb05df17b7e5ad4ae7c800,Gen.G,oe:team:50f58982d91a36557ec8aec52ab014f,Orianna,Senna,Kalista,Smolder,Lulu,Rakan,,,,,,1795,1,3,2,7,18,9,0,0,0,0,0,0,0,0,0.6017,0.9025,,,,,,,,,,,,,,,,,,,,,0,0,,,,,,,,1,0,24261,810.9526,0.319944,698.8078,681.1588,14,0.468,23,0.7688,7,55,1.8384,13678,9741,325.6045,0.24784,12625,,,315,303,12,,,10.5292,3471,5049,97,3384,4972,93,87,77,4,0,0,0,0,1,0,6112,9285,160,4789,7086,124,1323,2199,36,2,0,0,0,1,2,8633,12210,218,6555,9494,173,2078,2716,45,2,1,1,0,1,2,10427,15188,255,8713,12667,220,1714,2521,35,2,2,2,1,1,2
LOLTMNT01_74596,complete,,LCK,2024,Spring,0,"2024-03-22 08:05:45",1,14.05,3,Blue,mid,Chovy,oe:player:fb6e61b8acb05df17b7e5ad4ae7c800,Gen.G,oe:team:50f58982d91a36557ec8aec52ab014f,Sylas,Sejuani,Smolder,Orianna,Vi,"Renata Glasc",,,,,,1636,1,6,1,9,23,6,1,0,0,0,0,0,0,0,0.8435,1.0636,,,,,,,,,,,,,,,,,,,,,0,0,,,,,,,,0,0,15256,559.511,0.192405,596.8093,444.3521,24,0.8802,14,0.5134,7,57,2.0905,13939,10326,378.7042,0.247662,13125,,,261,245,16,,,9.5721,3732,5047,92,3436,5031,95,296,16,-3,1,0,0,0,0,1,6165,8122,138,5298,7190,133,867,932,5,3,2,0,1,1,2,10467,11821,195,6794,9063,165,3673,2758,30,6,3,0,1,2,3,12846,14471,235,9598,12256,214,3248,2215,21,6,6,1,2,4,4
LOLTMNT01_73984,complete,,LCK,2024,Spring,0,"2024-03-22 08:54:59",2,14.05,8,Red,mid,Chovy,oe:player:fb6e61b8acb05df17b7e5ad4ae7c800,Gen.G,oe:team:50f58982d91a36557ec8aec52ab014f,"Aurelion Sol",Smolder,Senna,Sejuani,Ahri,Renekton,,,,,,1951,1,8,3,10,24,13,2,1,0,0,0,0,0,0,0.7381,1.1379,,,,,,,,,,,,,,,,,,,,,0,0,,,,,,,,0,0,33053,1016.4941,0.307281,679.2209,292.6807,18,0.5536,7,0.2153,6,47,1.4454,15843,11587,356.3403,0.256887,14650,,,309,297,12,,,9.5028,3218,4874,86,3488,5175,97,-270,-301,-11,0,0,0,0,0,0,5140,7777,141,5249,8141,150,-109,-364,-9,0,1,0,0,1,0,7832,10628,193,6766,10259,179,1066,369,14,3,1,1,0,2,1,9886,13111,225,8519,12755,203,1367,356,22,4,2,3,1,4,2
LOLTMNT02_69557,complete,,LCK,2024,Spring,1,"2024-04-03 08:12:28",1,14.06,3,Blue,mid,Chovy,oe:player:fb6e61b8acb05df17b7e5ad4ae7c800,Gen.G,oe:team:50f58982d91a36557ec8aec52ab014f,Azir,"Lee Sin",Rek'Sai,Rell,Sejuani,Jayce,,,,,,1918,1,2,1,6,11,5,0,0,0,0,0,0,0,0,0.3441,0.5005,,,,,,,,,,,,,,,,,,,,,0,0,,,,,,,,0,0,17476,546.6945,0.261492,468.6444,464.6715,48,1.5016,35,1.0949,8,121,3.7852,13933,9745,304.8488,0.253034,12910,,,354,338,16,,,11.074,3405,4989,96,3251,4719,86,154,270,10,0,0,0,0,0,0,5702,8208,165,4879,7347,134,823,861,31,0,0,0,0,0,0,7817,11100,229,6591,9903,180,1226,1197,49,0,0,0,0,0,0,10250,13722,289,8537,12678,232,1713,1044,57,1,0,0,0,0,0
LOLTMNT02_68560,complete,,LCK,2024,Spring,1,"2024-04-03 09:05:56",2,14.06,8,Red,mid,Chovy,oe:player:fb6e61b8acb05df17b7e5ad4ae7c800,Gen.G,oe:team:50f58982d91a36557ec8aec52ab014f,Tristana,Senna,"Lee Sin",Kalista,Rek'Sai,Renekton,,,,,,2121,0,2,4,2,9,22,0,0,0,0,0,0,0,0,0.2546,0.8769,,,,,,,,,,,,,,,,,,,,,0,0,,,,,,,,0,0,17197,486.4781,0.221519,748.826,807.5248,13,0.3678,25,0.7072,5,64,1.8105,15610,11008,311.4003,0.281489,15375,,,366,334,32,,,10.3536,3650,5082,100,3417,5062,96,233,20,4,0,0,0,0,0,0,6407,7799,155,5803,8285,152,604,-486,3,1,0,1,1,2,0,8751,10681,210,8552,10872,189,199,-191,21,1,1,2,4,4,0,10837,13806,275,10792,13633,244,45,173,31,1,1,2,5,4,0
LOLTMNT02_69562,complete,,LCK,2024,Spring,1,"2024-04-03 10:02:56",3,14.06,3,Blue,mid,Chovy,oe:player:fb6e61b8acb05df17b7e5ad4ae7c800,Gen.G,oe:team:50f58982d91a36557ec8aec52ab014f,Corki,"Lee Sin",Rek'Sai,Rell,Rakan,Lulu,,,,,,1899,1,4,2,5,12,8,0,0,0,0,0,0,0,1,0.3791,0.6319,,,,,,,,,,,,,,,,,,,,,0,0,,,,,,,,1,0,25352,801.0111,0.367005,375.6714,331.2164,18,0.5687,20,0.6319,6,51,1.6114,15819,11669,368.6888,0.295188,13650,,,324,320,4,,,10.237,3719,4909,98,3874,5010,94,-155,-101,4,0,0,1,1,0,1,5801,7330,151,5761,7570,145,40,-240,6,0,0,1,1,0,1,8607,10623,212,7721,10229,199,886,394,13,0,1,1,1,0,1,10661,12845,251,10095,13763,238,566,-918,13,0,2,2,2,1,1
LOLTMNT02_69563,complete,,LCK,2024,Spring,1,"2024-04-03 10:56:01",4,14.06,8,Red,mid,Chovy,oe:player:fb6e61b8acb05df17b7e5ad4ae7c800,Gen.G,oe:team:50f58982d91a36557ec8aec52ab014f,Azir,Senna,"Lee Sin",Kalista,Ahri,Kassadin,,,,,,2283,0,1,2,5,8,9,0,0,0,0,0,0,0,0,0.2102,0.4468,,,,,,,,,,,,,,,,,,,,,0,0,,,,,,,,0,2,21940,576.6097,0.284669,721.3403,707.6741,16,0.4205,21,0.5519,5,55,1.4455,16264,11331,297.7924,0.267013,15175,,,406,402,4,,,10.6702,3391,4964,95,3591,4896,88,-200,68,7,0,0,0,0,0,0,5459,8062,161,5703,7765,143,-244,297,18,0,0,0,0,1,0,7229,10274,206,7800,10772,194,-571,-498,12,0,0,0,0,2,0,9040,12775,253,10587,14026,240,-1547,-1251,13,0,1,1,0,3,0
LOLTMNT02_69570,complete,,LCK,2024,Spring,1,"2024-04-03 11:57:14",5,14.06,3,Blue,mid,Chovy,oe:player:fb6e61b8acb05df17b7e5ad4ae7c800,Gen.G,oe:team:50f58982d91a36557ec8aec52ab014f,Taliyah,"Lee Sin",Rek'Sai,Vi,Kassadin,Renekton,,,,,,2194,1,8,2,8,17,12,2,0,0,0,1,1,0,0,0.4649,0.7931,,,,,,,,,,,,,,,,,,,,,0,0,,,,,,,,1,0,34197,935.196,0.363257,465.8067,301.5588,23,0.629,12,0.3282,8,76,2.0784,18878,14127,386.3355,0.303804,17300,,,399,359,40,,,10.9116,3869,4887,100,3407,4928,87,462,-41,13,1,0,0,0,0,0,6303,7990,156,5652,8059,146,651,-69,10,3,0,1,0,1,0,8827,11077,216,7931,10621,194,896,456,22,3,1,1,0,2,0,11163,14295,266,10160,12849,230,1003,1446,36,4,3,1,2,4,1
LOLTMNT02_70202,complete,,LCK,2024,Spring,1,"2024-04-06 06:12:28",1,14.06,3,Blue,mid,Chovy,oe:player:fb6e61b8acb05df17b7e5ad4ae7c800,Gen.G,oe:team:50f58982d91a36557ec8aec52ab014f,Azir,Maokai,Vi,Rakan,"Xin Zhao",Nocturne,,,,,,2115,0,4,1,7,12,19,0,0,0,0,0,0,0,0,0.3404,0.8794,,,,,,,,,,,,,,,,,,,,,0,0,,,,,,,,0,0,43910,1245.6738,0.4173,596.9645,679.8014,16,0.4539,17,0.4823,3,57,1.617,15268,10678,302.922,0.26534,14325,,,326,314,12,,,9.2482,3574,5051,95,3627,4758,90,-53,293,5,0,0,0,1,0,0,5527,8003,154,5421,7702,143,106,301,11,0,0,0,1,0,0,7584,10771,202,8023,10096,194,-439,675,8,1,3,0,3,0,1,9788,12929,240,10039,12260,226,-251,669,14,2,3,0,5,1,1
LOLTMNT02_71173,complete,,LCK,2024,Spring,1,"2024-04-06 07:08:42",2,14.06,3,Blue,mid,Chovy,oe:player:fb6e61b8acb05df17b7e5ad4ae7c800,Gen.G,oe:team:50f58982d91a36557ec8aec52ab014f,"Aurelion Sol",Maokai,Vi,Rek'Sai,K'Sante,Akali,,,,,,2447,1,3,1,7,11,8,1,0,0,0,0,0,0,0,0.2697,0.4659,,,,,,,,,,,,,,,,,,,,,1,0,,,,,,,,0,0,38528,944.6996,0.334758,507.7319,305.0511,23,0.564,16,0.3923,8,86,2.1087,17783,12516,306.8901,0.253908,18050,,,410,394,16,,,10.0531,3363,4903,91,3391,4872,93,-28,31,-2,0,0,0,0,0,0,5392,8186,155,5218,7845,147,174,341,8,0,0,0,0,0,0,7390,10555,203,7294,10287,183,96,268,20,0,0,1,1,1,0,9290,13234,257,8992,12771,233,298,463,24,0,0,1,1,1,0
LOLTMNT02_71199,complete,,LCK,2024,Spring,1,"2024-04-06 08:10:18",3,14.06,8,Red,mid,Chovy,oe:player:fb6e61b8acb05df17b7e5ad4ae7c800,Gen.G,oe:team:50f58982d91a36557ec8aec52ab014f,Azir,Senna,Maokai,Kalista,Thresh,Alistar,,,,,,2567,1,2,4,16,23,22,0,0,0,0,0,0,0,0,0.5376,1.0518,,,,,,,,,,,,,,,,,,,,,0,0,,,,,,,,0,0,34521,806.8796,0.232052,728.8118,1037.8107,12,0.2805,22,0.5142,8,51,1.1921,16079,10567,246.9887,0.199137,14700,,,337,333,4,,,7.8769,3262,4584,89,3417,4523,93,-155,61,-4,0,0,0,0,0,0,5226,7589,149,5522,7687,154,-296,-98,-5,0,0,0,0,2,0,6900,9899,187,7253,9738,189,-353,161,-2,0,2,1,0,4,0,8637,12176,228,9060,12591,232,-423,-415,-4,0,4,2,0,8,1
LOLTMNT02_71247,complete,,LCK,2024,Spring,1,"2024-04-06 09:15:00",4,14.06,8,Red,mid,Chovy,oe:player:fb6e61b8acb05df17b7e5ad4ae7c800,Gen.G,oe:team:50f58982d91a36557ec8aec52ab014f,Azir,Senna,Maokai,Kalista,Rek'Sai,Corki,,,,,,1961,1,5,2,12,19,13,2,0,0,0,0,0,0,0,0.5813,0.9791,,,,,,,,,,,,,,,,,,,,,0,0,,,,,,,,0,0,19996,611.8103,0.320917,554.9618,719.0515,18,0.5507,17,0.5201,7,56,1.7134,15681,11405,348.9546,0.278307,13975,,,288,280,8,,,8.8118,3518,4537,88,3253,4488,88,265,49,0,0,2,0,0,1,1,5598,7735,148,4928,7076,136,670,659,12,0,2,0,0,2,1,8348,10702,197,6192,9114,170,2156,1588,27,1,5,1,0,2,2,11390,12957,223,8448,11778,213,2942,1179,10,3,8,2,2,3,3
LOLTMNT02_76144,complete,,LCK,2024,Spring,1,"2024-04-14 06:25:50",1,14.06,3,Blue,mid,Chovy,oe:player:fb6e61b8acb05df17b7e5ad4ae7c800,Gen.G,oe:team:50f58982d91a36557ec8aec52ab014f,Corki,Vi,Varus,Orianna,"Renata Glasc",Alistar,,,,,,2597,1,6,2,14,24,10,1,0,0,0,0,0,0,0,0.5545,0.7855,,,,,,,,,,,,,,,,,,,,,0,1,,,,,,,,0,0,47674,1101.4401,0.346028,609.7266,474.6862,30,0.6931,27,0.6238,13,97,2.241,22397,16824,388.6946,0.29604,18925,,,468,432,36,,,10.8125,3531,5010,96,3330,4931,90,201,79,6,0,0,0,0,0,0,5617,8236,160,5056,7473,143,561,763,17,0,0,0,0,0,0,7974,10874,215,6976,10261,196,998,613,19,0,1,0,0,1,1,10432,13938,265,8296,11441,221,2136,2497,44,1,4,1,0,1,2
LOLTMNT02_76145,complete,,LCK,2024,Spring,1,"2024-04-14 07:32:22",2,14.06,8,Red,mid,Chovy,oe:player:fb6e61b8acb05df17b7e5ad4ae7c800,Gen.G,oe:team:50f58982d91a36557ec8aec52ab014f,"Aurelion Sol",Senna,Orianna,Ashe,Vi,"Lee Sin",,,,,,1920,0,9,3,1,13,17,2,1,1,0,0,0,0,0,0.4063,0.9375,,,,,,,,,,,,,,,,,,,,,0,1,,,,,,,,0,0,36951,1154.7188,0.393653,477.5313,229.5313,21,0.6563,11,0.3438,10,50,1.5625,15919,11727,366.4688,0.343405,16050,,,310,305,5,,,9.6875,3400,5103,94,3343,4858,91,57,245,3,0,0,0,0,0,0,5481,7753,145,4990,7392,136,491,361,9,1,0,1,0,1,1,8846,10936,207,7818,10224,194,1028,712,13,4,0,1,0,2,1,10767,13126,248,9716,12687,226,1051,439,22,5,0,2,0,5,2
LOLTMNT02_76146,complete,,LCK,2024,Spring,1,"2024-04-14 08:26:29",3,14.06,3,Blue,mid,Chovy,oe:player:fb6e61b8acb05df17b7e5ad4ae7c800,Gen.G,oe:team:50f58982d91a36557ec8aec52ab014f,Azir,Vi,Varus,Orianna,Vayne,K'Sante,,,,,,2272,0,1,6,6,9,23,0,0,0,0,0,0,0,0,0.2377,0.8451,,,,,,,,,,,,,,,,,,,,,0,0,,,,,,,,0,0,32011,845.3609,0.298157,756.1796,1058.5299,18,0.4754,14,0.3697,6,49,1.294,13740,8830,233.1866,0.241148,13410,,,308,308,0,,,8.1338,3641,5150,100,3714,4864,95,-73,286,5,0,0,0,1,0,0,6358,8232,158,5832,7507,145,526,725,13,1,2,0,2,1,1,8108,10341,187,7611,9900,186,497,441,1,1,3,1,2,2,2,9969,13064,237,10999,13594,235,-1030,-530,2,1,4,2,4,5,2
LOLTMNT02_76147,complete,,LCK,2024,Spring,1,"2024-04-14 09:25:52",4,14.06,3,Blue,mid,Chovy,oe:player:fb6e61b8acb05df17b7e5ad4ae7c800,Gen.G,oe:team:50f58982d91a36557ec8aec52ab014f,"Aurelion Sol",Vi,Varus,Orianna,Poppy,Vayne,,,,,,1793,1,5,0,8,15,3,1,1,0,0,0,0,0,0,0.502,0.6023,,,,,,,,,,,,,,,,,,,,,0,0,,,,,,,,1,0,25074,839.063,0.327516,456.3079,170.2287,16,0.5354,7,0.2342,6,34,1.1378,15089,11156,373.3185,0.270268,12950,,,339,333,6,,,11.3441,3473,4922,97,3440,5096,97,33,-174,0,0,0,0,0,0,0,5692,8337,160,5808,7746,145,-116,591,15,0,2,0,2,0,1,7710,10904,210,8106,10648,202,-396,256,8,0,2,0,2,0,1,10252,14000,267,10202,13368,253,50,632,14,1,3,0,2,1,1
LOLTMNT02_76148,complete,,LCK,2024,Spring,1,"2024-04-14 10:19:15",5,14.06,8,Red,mid,Chovy,oe:player:fb6e61b8acb05df17b7e5ad4ae7c800,Gen.G,oe:team:50f58982d91a36557ec8aec52ab014f,Corki,Senna,Kalista,Ashe,Vayne,Rell,,,,,,2524,1,4,1,8,15,2,1,0,0,0,1,1,0,0,0.3566,0.4041,,,,,,,,,,,,,,,,,,,,,0,0,,,,,,,,1,0,48487,1152.6228,0.369127,435.9509,437.9002,26,0.6181,12,0.2853,9,57,1.355,20129,14704,349.5404,0.268981,18725,,,394,364,30,,,9.3661,3850,4639,90,3342,4526,84,508,113,6,1,0,1,0,1,0,5842,7384,150,5316,7777,145,526,-393,5,1,0,1,0,1,0,8229,10415,214,7142,10637,197,1087,-222,17,1,1,1,0,1,1,10886,12760,267,8581,12331,232,2305,429,35,2,2,1,0,1,1
LOLTMNT01_123488,complete,,LCK,2024,Summer,0,"2024-06-14 08:10:57",1,14.11,3,Blue,mid,Chovy,oe:player:fb6e61b8acb05df17b7e5ad4ae7c800,Gen.G,oe:team:50f58982d91a36557ec8aec52ab014f,Corki,Vi,Maokai,Kalista,Nautilus,Blitzcrank,,,,,,1783,1,2,3,4,18,9,0,0,0,0,0,0,0,0,0.6057,0.9086,,,,,,,,,,,,,,,,,,,,,0,0,,,,,,,,0,0,16192,544.8794,0.229005,579.0353,386.4498,14,0.4711,13,0.4375,4,40,1.346,12958,9045,304.3746,0.215938,12683,,,293,271,22,,,9.8598,4015,5269,103,3238,4571,86,777,698,17,1,0,0,0,0,0,6189,7917,152,5811,7605,145,378,312,7,2,1,0,2,0,0,9033,10870,213,7981,10927,206,1052,-57,7,2,1,1,2,2,1,10682,13240,253,9593,13421,249,1089,-181,4,2,1,2,2,3,1
LOLTMNT01_125494,complete,,LCK,2024,Summer,0,"2024-06-14 09:01:54",2,14.11,8,Red,mid,Chovy,oe:player:fb6e61b8acb05df17b7e5ad4ae7c800,Gen.G,oe:team:50f58982d91a36557ec8aec52ab014f,Corki,Vi,Kalista,Maokai,Sejuani,"Lee Sin",,,,,,2113,1,6,1,4,16,12,2,0,0,0,0,0,0,0,0.4543,0.7951,,,,,,,,,,,,,,,,,,,,,0,0,,,,,,,,1,0,21898,621.8079,0.217361,482.2433,314.2262,19,0.5395,26,0.7383,6,79,2.2433,19659,15073,428.0076,0.272131,18783,,,428,406,22,,,12.1533,3444,4977,93,3202,4513,83,242,464,10,0,0,0,0,0,0,6577,8240,160,5517,7649,144,1060,591,16,0,0,0,0,1,0,8919,12017,228,7340,9990,192,1579,2027,36,0,1,0,0,1,1,10983,15001,287,10610,14439,253,373,562,34,0,3,1,2,4,2
LOLTMNT01_126562,complete,,LCK,2024,Summer,0,"2024-06-16 09:23:15",1,14.11,3,Blue,mid,Chovy,oe:player:fb6e61b8acb05df17b7e5ad4ae7c800,Gen.G,oe:team:50f58982d91a36557ec8aec52ab014f,Corki,Ashe,Azir,Kalista,Alistar,"Renata Glasc",,,,,,1606,1,6,0,5,17,4,0,0,0,0,0,0,0,0,0.6351,0.7846,,,,,,,,,,,,,,,,,,,,,0,0,,,,,,,,0,0,23709,885.7659,0.337408,499.6887,319.9128,13,0.4857,11,0.411,5,46,1.7186,14163,10611,396.4259,0.267056,12008,,,299,275,24,,,11.1706,3557,5213,102,3279,4958,89,278,255,13,0,0,0,0,0,0,5802,8480,169,5658,8408,153,144,72,16,0,1,0,1,1,0,8856,11414,219,7155,10211,189,1701,1203,30,2,2,0,1,1,2,12138,15428,280,8975,13019,242,3163,2409,38,4,4,0,1,1,3
LOLTMNT01_126571,complete,,LCK,2024,Summer,0,"2024-06-16 10:10:51",2,14.11,8,Red,mid,Chovy,oe:player:fb6e61b8acb05df17b7e5ad4ae7c800,Gen.G,oe:team:50f58982d91a36557ec8aec52ab014f,Yone,Senna,Kalista,Ashe,Alistar,Lucian,,,,,,1468,1,1,0,6,16,6,0,0,0,0,0,0,0,0,0.654,0.8992,,,,,,,,,,,,,,,,,,,,,0,0,,,,,,,,0,0,11066,452.2888,0.189802,788.0518,744.3597,9,0.3678,11,0.4496,5,35,1.4305,10465,7195,294.0736,0.200228,9425,,,255,247,8,,,10.4223,3452,5015,93,3438,4813,81,14,202,12,0,0,0,1,0,0,5244,7692,148,4993,7164,124,251,528,24,0,0,0,1,0,0,7031,10066,189,6806,9754,170,225,312,19,0,0,0,1,1,0,10465,14942,255,8081,11555,202,2384,3387,53,1,6,0,1,1,2
LOLTMNT02_110020,complete,,LCK,2024,Summer,0,"2024-06-20 08:06:02",1,14.12,8,Red,mid,Chovy,oe:player:fb6e61b8acb05df17b7e5ad4ae7c800,Gen.G,oe:team:50f58982d91a36557ec8aec52ab014f,Corki,Kalista,Senna,Rumble,Braum,Alistar,,,,,,2040,1,9,2,7,19,12,4,0,0,0,0,0,0,0,0.5588,0.9118,,,,,,,,,,,,,,,,,,,,,0,0,,,,,,,,2,0,42314,1244.5294,0.397303,568.3824,445.7647,20,0.5882,13,0.3824,8,61,1.7941,19006,14569,428.5,0.306486,15683,,,329,313,16,,,9.6765,3760,4893,96,3393,4871,94,367,22,2,0,0,0,0,0,0,6256,7849,157,5131,7380,147,1125,469,10,0,0,0,0,0,0,8701,10573,205,7651,10587,203,1050,-14,2,0,1,1,1,3,0,11048,12975,242,9163,12514,242,1885,461,0,2,2,2,1,4,1
LOLTMNT02_110032,complete,,LCK,2024,Summer,0,"2024-06-20 09:01:22",2,14.12,8,Red,mid,Chovy,oe:player:fb6e61b8acb05df17b7e5ad4ae7c800,Gen.G,oe:team:50f58982d91a36557ec8aec52ab014f,Corki,Kalista,Senna,Rumble,Nautilus,Alistar,,,,,,1621,1,3,0,5,12,2,0,0,0,0,0,0,0,0,0.4442,0.5182,,,,,,,,,,,,,,,,,,,,,0,0,,,,,,,,0,0,28563,1057.2363,0.344806,516.1999,388.5009,13,0.4812,8,0.2961,4,42,1.5546,13899,10317,381.8754,0.274795,12583,,,273,250,23,,,10.1049,3663,5082,98,3328,5061,89,335,21,9,0,0,0,0,0,0,6291,8084,157,5267,8197,148,1024,-113,9,0,0,0,0,1,0,9704,10850,209,7116,10732,189,2588,118,20,1,1,0,1,1,0,12446,14302,258,8706,12784,233,3740,1518,25,2,4,0,1,1,0
LOLTMNT02_115076,complete,,LCK,2024,Summer,0,"2024-06-23 06:05:32",1,14.12,3,Blue,mid,Chovy,oe:player:fb6e61b8acb05df17b7e5ad4ae7c800,Gen.G,oe:team:50f58982d91a36557ec8aec52ab014f,Lucian,Tristana,Taliyah,Renekton,Leona,Alistar,,,,,,1454,1,5,1,3,14,4,1,1,0,0,0,0,0,0,0.5777,0.7428,,,,,,,,,,,,,,,,,,,,,0,0,,,,,,,,0,0,13177,543.7552,0.201465,434.8143,238.8858,12,0.4952,9,0.3714,5,42,1.7331,12367,9125,376.5475,0.255057,9325,,,266,247,19,,,10.9766,3666,4610,91,3629,5123,94,37,-513,-3,1,0,1,0,2,0,6282,7925,157,6151,8224,156,131,-299,1,1,0,1,0,2,0,8837,11288,227,8270,10238,205,567,1050,22,1,1,1,0,2,1,12367,14284,266,9334,11754,231,3033,2530,35,5,3,1,0,2,3
LOLTMNT02_114102,complete,,LCK,2024,Summer,0,"2024-06-23 06:51:12",2,14.12,3,Blue,mid,Chovy,oe:player:fb6e61b8acb05df17b7e5ad4ae7c800,Gen.G,oe:team:50f58982d91a36557ec8aec52ab014f,Corki,Tristana,Taliyah,Renekton,Ziggs,Kai'Sa,,,,,,1450,1,6,1,7,21,8,0,0,0,0,0,0,0,0,0.869,1.2,,,,,,,,,,,,,,,,,,,,,0,0,,,,,,,,1,0,26852,1111.1172,0.320338,713.4621,393.1862,12,0.4966,5,0.2069,5,27,1.1172,13405,10171,420.869,0.266274,10958,,,250,238,12,,,10.3448,3451,4890,88,2856,4304,69,595,586,19,0,1,0,0,0,1,6022,8223,157,4678,6700,122,1344,1523,35,0,2,0,0,0,2,9105,11296,214,6650,9184,161,2455,2112,53,1,2,1,0,2,3,13405,15152,250,8433,11505,192,4972,3647,58,6,7,1,1,3,6
LOLTMNT02_121098,complete,,LCK,2024,Summer,0,"2024-06-26 10:36:36",1,14.12,3,Blue,mid,Chovy,oe:player:fb6e61b8acb05df17b7e5ad4ae7c800,Gen.G,oe:team:50f58982d91a36557ec8aec52ab014f,Lucian,Maokai,Sejuani,Ashe,Rakan,Zeri,,,,,,1973,1,5,1,7,14,6,1,0,0,0,0,0,0,0,0.4257,0.6082,,,,,,,,,,,,,,,,,,,,,0,0,,,,,,,,1,0,26633,809.924,0.287875,503.4161,307.2073,12,0.3649,22,0.669,5,55,1.6726,15208,10907,331.6878,0.257377,14225,,,340,323,17,,,10.3396,3415,4965,98,3453,5118,99,-38,-153,-1,0,0,0,0,0,0,5633,8224,168,5801,8374,173,-168,-150,-5,0,0,0,0,0,0,7528,11079,221,8501,11819,236,-973,-740,-15,0,1,0,1,0,0,10337,14928,283,11037,14860,291,-700,68,-8,0,1,0,2,0,0
LOLTMNT02_121147,complete,,LCK,2024,Summer,0,"2024-06-26 11:31:30",2,14.12,8,Red,mid,Chovy,oe:player:fb6e61b8acb05df17b7e5ad4ae7c800,Gen.G,oe:team:50f58982d91a36557ec8aec52ab014f,Corki,Maokai,Sejuani,Rumble,Rakan,K'Sante,,,,,,2528,1,7,4,10,19,16,1,0,0,0,0,0,0,0,0.4509,0.8307,,,,,,,,,,,,,,,,,,,,,1,0,,,,,,,,0,0,45818,1087.4525,0.323567,703.6709,601.8513,27,0.6408,20,0.4747,11,96,2.2785,20716,15283,362.7294,0.278407,19108,,,406,376,30,,,9.6361,3680,4581,88,3849,4767,88,-169,-186,0,1,1,1,2,0,0,5860,7885,156,5715,7477,143,145,408,13,1,1,1,2,1,0,9060,10840,210,8414,10078,191,646,762,19,1,4,2,3,3,1,10985,13486,268,10122,11750,221,863,1736,47,1,4,3,4,3,1
LOLTMNT02_124348,complete,,LCK,2024,Summer,0,"2024-06-28 11:36:14",2,14.12,8,Red,mid,Chovy,oe:player:fb6e61b8acb05df17b7e5ad4ae7c800,Gen.G,oe:team:50f58982d91a36557ec8aec52ab014f,Corki,Sejuani,Rumble,Senna,Alistar,Rakan,,,,,,1857,1,2,1,5,14,11,0,0,0,0,0,0,0,0,0.4523,0.8078,,,,,,,,,,,,,,,,,,,,,0,0,,,,,,,,2,0,25296,817.3183,0.278633,640.8401,435.3473,15,0.4847,13,0.42,6,53,1.7124,14884,10820,349.5961,0.244105,14413,,,337,321,16,,,10.8885,3774,4773,95,3134,4546,77,640,227,18,1,1,0,0,1,1,6008,8069,160,4883,7184,130,1125,885,30,1,1,0,0,1,1,8106,11358,228,7383,10184,179,723,1174,49,1,1,0,2,1,1,10921,15135,283,9165,12302,222,1756,2833,61,1,2,0,2,2,1
LOLTMNT03_118187,complete,,LCK,2024,Summer,0,"2024-07-11 11:23:29",2,14.13,3,Blue,mid,Chovy,oe:player:fb6e61b8acb05df17b7e5ad4ae7c800,Gen.G,oe:team:50f58982d91a36557ec8aec52ab014f,Corki,Ashe,Alistar,Tristana,Maokai,Leona,,,,,,1684,1,3,0,5,14,5,0,0,0,0,0,0,0,0,0.4988,0.677,,,,,,,,,,,,,,,,,,,,,0,0,,,,,,,,1,0,20651,735.7838,0.242272,600.4988,450.9976,11,0.3919,11,0.3919,2,31,1.1045,15763,12052,429.4062,0.293378,11983,,,330,322,8,,,11.7577,3639,5140,103,3336,5004,93,303,136,10,0,0,0,0,0,0,6198,8166,163,5757,8107,158,441,59,5,0,1,0,1,0,0,8762,11870,231,8343,11612,218,419,258,13,0,1,0,2,1,0,10855,14642,283,10047,13979,269,808,663,14,1,1,0,2,1,0
LOLTMNT03_122217,complete,,LCK,2024,Summer,0,"2024-07-13 06:08:03",1,14.13,8,Red,mid,Chovy,oe:player:fb6e61b8acb05df17b7e5ad4ae7c800,Gen.G,oe:team:50f58982d91a36557ec8aec52ab014f,Tristana,Rumble,Vi,"Renata Glasc",Azir,Rakan,,,,,,1776,1,6,1,8,19,7,1,0,0,0,0,0,0,0,0.6419,0.8784,,,,,,,,,,,,,,,,,,,,,0,0,,,,,,,,1,0,24468,826.6216,0.287156,643.6824,583.2095,15,0.5068,19,0.6419,6,58,1.9595,15435,11536,389.7297,0.281438,14300,,,326,312,14,,,11.0135,3494,5092,100,3248,4718,88,246,374,12,0,0,0,0,0,0,5707,7970,151,4923,7294,135,784,676,16,1,1,0,0,0,1,7822,10256,191,7334,9948,180,488,308,11,2,3,1,1,1,3,10899,15042,263,9024,12742,217,1875,2300,46,2,5,1,1,3,3
LOLTMNT03_121254,complete,,LCK,2024,Summer,0,"2024-07-13 07:00:39",2,14.13,8,Red,mid,Chovy,oe:player:fb6e61b8acb05df17b7e5ad4ae7c800,Gen.G,oe:team:50f58982d91a36557ec8aec52ab014f,Azir,Rumble,Vi,LeBlanc,Gnar,Rakan,,,,,,1883,1,3,2,5,10,10,0,0,0,0,0,0,0,1,0.3186,0.6373,,,,,,,,,,,,,,,,,,,,,1,0,,,,,,,,0,0,22705,723.4732,0.276745,497.4615,416.8136,18,0.5736,21,0.6691,7,62,1.9756,16027,11910,379.5008,0.295723,14525,,,372,348,24,,,11.8534,3484,4880,96,3393,4500,85,91,380,11,0,0,1,0,1,0,5523,7991,161,5302,7440,140,221,551,21,0,0,1,0,1,0,7992,10878,223,7644,10415,188,348,463,35,0,0,2,1,2,0,12005,15872,296,9135,12608,215,2870,3264,81,2,2,2,1,4,1
LOLTMNT03_128313,complete,,LCK,2024,Summer,0,"2024-07-18 11:23:18",1,14.13,3,Blue,mid,Chovy,oe:player:fb6e61b8acb05df17b7e5ad4ae7c800,Gen.G,oe:team:50f58982d91a36557ec8aec52ab014f,Tristana,Poppy,Vi,Sejuani,Braum,"Renata Glasc",,,,,,1645,1,10,0,3,22,11,2,0,0,0,0,0,0,0,0.8024,1.2036,,,,,,,,,,,,,,,,,,,,,0,0,,,,,,,,0,0,27823,1014.8207,0.299278,698.3708,588.7295,12,0.4377,23,0.8389,3,69,2.5167,16005,12374,451.3313,0.306877,12275,,,326,298,28,,,11.8906,4051,5209,97,3381,4861,92,670,348,5,2,0,0,0,0,1,6559,8639,166,5173,7642,145,1386,997,21,2,0,0,0,0,1,9158,11757,229,7266,10002,196,1892,1755,33,2,0,0,0,0,1,13882,16226,298,9016,11878,227,4866,4348,71,8,3,0,1,3,3
LOLTMNT03_130077,complete,,LCK,2024,Summer,0,"2024-07-20 08:38:18",1,14.13,3,Blue,mid,Chovy,oe:player:fb6e61b8acb05df17b7e5ad4ae7c800,Gen.G,oe:team:50f58982d91a36557ec8aec52ab014f,Yone,Vi,Sejuani,LeBlanc,Karma,Leona,,,,,,1731,0,0,3,0,0,20,0,0,0,0,0,0,0,0,0,0.6932,,,,,,,,,,,,,,,,,,,,,0,0,,,,,,,,0,0,14108,489.0121,0.291874,696.9151,797.4697,5,0.1733,11,0.3813,4,32,1.1092,11339,7532,261.0745,0.281652,10750,,,287,273,14,,,9.948,3676,5151,94,3712,4453,81,-36,698,13,0,0,0,0,1,0,5510,7833,147,6607,7108,132,-1097,725,15,0,0,1,1,2,0,7415,9893,190,10203,10407,178,-2788,-514,12,0,0,1,3,6,0,9762,12710,243,12521,14899,212,-2759,-2189,31,0,0,2,3,9,0
LOLTMNT03_130102,complete,,LCK,2024,Summer,0,"2024-07-20 09:30:17",2,14.13,8,Red,mid,Chovy,oe:player:fb6e61b8acb05df17b7e5ad4ae7c800,Gen.G,oe:team:50f58982d91a36557ec8aec52ab014f,Azir,Rumble,Vi,"Lee Sin",Rakan,Braum,,,,,,2112,1,2,2,4,11,5,0,0,0,0,0,0,0,0,0.3125,0.4545,,,,,,,,,,,,,,,,,,,,,0,0,,,,,,,,0,0,27985,795.0284,0.264479,765.9375,872.0455,16,0.4545,15,0.4261,7,60,1.7045,15244,10660,302.8409,0.247925,13310,,,338,338,0,,,9.6023,3363,4585,89,3294,4706,75,69,-121,14,0,0,0,0,1,0,5481,7754,148,5253,7886,136,228,-132,12,0,0,0,0,1,0,7294,10446,196,7156,10516,181,138,-70,15,0,1,1,0,2,0,9230,12960,244,9154,13069,227,76,-109,17,0,1,1,0,2,0
LOLTMNT03_129140,complete,,LCK,2024,Summer,0,"2024-07-20 10:26:21",3,14.13,3,Blue,mid,Chovy,oe:player:fb6e61b8acb05df17b7e5ad4ae7c800,Gen.G,oe:team:50f58982d91a36557ec8aec52ab014f,Azir,Vi,"Lee Sin",Ezreal,Taliyah,"Twisted Fate",,,,,,2198,1,5,1,7,17,10,0,0,0,0,0,0,0,0,0.4641,0.737,,,,,,,,,,,,,,,,,,,,,0,0,,,,,,,,1,0,28254,771.2648,0.271048,610.4004,650.0637,22,0.6005,30,0.8189,10,86,2.3476,19255,14495,395.6779,0.285218,17450,,,442,410,32,,,12.0655,3371,4972,92,3610,4689,87,-239,283,5,0,0,0,1,0,0,5648,8131,160,5431,7601,148,217,530,12,0,0,0,1,0,0,8460,11993,238,7076,10015,196,1384,1978,42,0,1,0,1,0,0,11468,15845,312,9101,12523,242,2367,3322,70,1,3,0,1,2,0
LOLTMNT01_149527,complete,,LCK,2024,Summer,0,"2024-07-24 10:43:20",1,14.14,8,Red,mid,Chovy,oe:player:fb6e61b8acb05df17b7e5ad4ae7c800,Gen.G,oe:team:50f58982d91a36557ec8aec52ab014f,Lucian,Rumble,Ashe,Renekton,Braum,LeBlanc,,,,,,1827,1,4,2,2,14,9,1,0,0,0,0,0,0,0,0.4598,0.7553,,,,,,,,,,,,,,,,,,,,,0,0,,,,,,,,0,0,25604,840.8539,0.231899,582.7915,395.3695,14,0.4598,9,0.2956,5,44,1.445,14576,10573,347.225,0.257687,11775,,,314,284,30,,,10.312,3570,5017,98,3040,4509,74,530,508,24,0,0,0,0,0,0,5270,7165,140,5180,7875,130,90,-710,10,0,0,2,0,2,0,7620,9471,178,7047,9456,159,573,15,19,1,1,2,1,4,2,9705,12711,242,8886,12053,208,819,658,34,1,1,2,1,4,2
LOLTMNT01_149544,complete,,LCK,2024,Summer,0,"2024-07-24 11:36:23",2,14.14,8,Red,mid,Chovy,oe:player:fb6e61b8acb05df17b7e5ad4ae7c800,Gen.G,oe:team:50f58982d91a36557ec8aec52ab014f,Lucian,Rumble,Renekton,Gnar,Karma,Rakan,,,,,,1688,1,6,3,7,22,7,1,0,0,0,1,0,1,0,0.782,1.0308,,,,,,,,,,,,,,,,,,,,,0,0,,,,,,,,1,0,32125,1141.8839,0.35887,723.0569,485.936,13,0.4621,8,0.2844,4,49,1.7417,13858,10139,360.391,0.25482,12550,,,281,259,22,,,9.9882,3375,4647,90,3431,4593,72,-56,54,18,0,1,1,1,0,0,5450,7338,139,5263,6927,120,187,411,19,1,1,2,1,1,1,8821,10350,197,8051,9845,180,770,505,17,3,3,2,1,1,2,12006,13862,257,10403,12047,213,1603,1815,44,5,4,3,2,1,3
LOLTMNT01_152545,complete,,LCK,2024,Summer,0,"2024-07-27 10:27:47",2,14.14,8,Red,mid,Chovy,oe:player:fb6e61b8acb05df17b7e5ad4ae7c800,Gen.G,oe:team:50f58982d91a36557ec8aec52ab014f,Zeri,Tristana,Rumble,Renekton,Azir,Lucian,,,,,,1508,1,9,3,2,22,8,1,1,1,0,0,0,0,0,0.8753,1.1936,,,,,,,,,,,,,,,,,,,,,0,0,,,,,,,,1,0,17621,701.1008,0.229061,768.1432,627.9708,12,0.4775,12,0.4775,4,38,1.5119,13295,9943,395.6101,0.256978,11480,,,251,235,16,,,9.9867,3258,4257,85,3657,4826,92,-399,-569,-7,0,0,0,1,0,0,6658,8335,144,5855,8245,150,803,90,-6,3,0,1,2,0,2,9491,11507,205,8449,10248,188,1042,1259,17,4,0,2,3,0,2,13227,15151,251,10801,12508,226,2426,2643,25,9,2,3,4,2,3
LOLTMNT01_155209,complete,,LCK,2024,Summer,0,"2024-08-01 10:48:46",1,14.14,8,Red,mid,Chovy,oe:player:fb6e61b8acb05df17b7e5ad4ae7c800,Gen.G,oe:team:50f58982d91a36557ec8aec52ab014f,Draven,Vi,Ashe,Renekton,Nautilus,Leona,,,,,,1719,1,10,1,5,23,8,2,0,0,0,0,0,0,1,0.8028,1.082,,,,,,,,,,,,,,,,,,,,,0,0,,,,,,,,0,0,29262,1021.3613,0.264298,489.6335,863.5253,11,0.3839,6,0.2094,2,38,1.3264,15610,11828,412.8447,0.279005,14830,,,269,231,38,,,9.3892,3297,4412,89,3605,4695,82,-308,-283,7,0,0,1,1,0,0,7014,7284,145,5443,7564,137,1571,-280,8,2,3,1,1,0,1,10384,10550,204,7400,10482,190,2984,68,14,5,4,1,1,0,1,13608,13102,246,9742,13844,223,3866,-742,23,8,4,1,1,3,1
LOLTMNT01_156084,complete,,LCK,2024,Summer,0,"2024-08-01 11:38:24",2,14.14,8,Red,mid,Chovy,oe:player:fb6e61b8acb05df17b7e5ad4ae7c800,Gen.G,oe:team:50f58982d91a36557ec8aec52ab014f,Corki,Vi,Ashe,Renekton,Yasuo,LeBlanc,,,,,,1920,1,0,1,6,9,12,0,0,0,0,0,0,0,0,0.2813,0.6563,,,,,,,,,,,,,,,,,,,,,0,0,,,,,,,,0,0,21082,658.8125,0.246256,663.2813,444.6563,12,0.375,15,0.4688,1,46,1.4375,15062,10870,339.6875,0.277917,13133,,,361,317,44,,,11.2813,3566,4875,93,3356,4735,90,210,140,3,0,0,0,0,0,0,6552,7959,156,5150,7697,144,1402,262,12,0,0,0,0,0,0,8977,11023,214,7586,10784,202,1391,239,12,0,0,0,0,3,0,10897,13772,269,10037,14840,259,860,-1068,10,0,0,0,0,5,0
LOLTMNT01_155488,complete,,LCK,2024,Summer,0,"2024-08-03 06:06:23",1,14.14,8,Red,mid,Chovy,oe:player:fb6e61b8acb05df17b7e5ad4ae7c800,Gen.G,oe:team:50f58982d91a36557ec8aec52ab014f,Zeri,Ashe,Rumble,Vi,Vayne,Gnar,,,,,,2540,1,6,3,7,16,18,1,1,0,0,0,0,0,0,0.378,0.8031,,,,,,,,,,,,,,,,,,,,,0,0,,,,,,,,1,0,39542,934.063,0.268323,840.1417,799.8425,13,0.3071,31,0.7323,2,84,1.9843,21163,15706,371.0079,0.303019,22660,,,480,451,29,,,11.3386,3575,5075,101,3408,5102,97,167,-27,4,0,0,0,0,0,0,6003,7949,159,5577,8097,153,426,-148,6,0,0,0,1,0,0,8420,11106,226,7496,10856,204,924,250,22,0,0,0,1,1,0,10425,13636,284,9849,13733,255,576,-97,29,0,0,1,2,3,0
LOLTMNT01_155499,complete,,LCK,2024,Summer,0,"2024-08-03 07:12:31",2,14.14,8,Red,mid,Chovy,oe:player:fb6e61b8acb05df17b7e5ad4ae7c800,Gen.G,oe:team:50f58982d91a36557ec8aec52ab014f,Corki,Ashe,Rumble,Kalista,Caitlyn,Ziggs,,,,,,1939,1,5,0,3,11,8,0,0,0,0,0,0,0,0,0.3404,0.5879,,,,,,,,,,,,,,,,,,,,,0,0,,,,,,,,0,0,27301,844.7963,0.416136,551.3254,350.5312,17,0.526,22,0.6808,6,79,2.4446,15913,11682,361.4853,0.278072,15283,,,356,344,12,,,11.016,3591,5110,97,3461,4520,79,130,590,18,0,1,0,1,0,0,5955,8389,161,5394,7454,138,561,935,23,0,1,0,1,0,0,8644,11817,223,7681,10329,194,963,1488,29,1,1,0,2,1,0,10525,14423,278,9319,13055,247,1206,1368,31,1,1,0,2,1,0
LOLTMNT02_150406,complete,,LCK,2024,Summer,0,"2024-08-07 08:06:18",1,14.15,8,Red,mid,Chovy,oe:player:fb6e61b8acb05df17b7e5ad4ae7c800,Gen.G,oe:team:50f58982d91a36557ec8aec52ab014f,Corki,Rumble,Ashe,Renekton,Zeri,Kalista,,,,,,1698,1,1,2,8,15,8,0,0,0,0,0,0,0,1,0.53,0.8127,,,,,,,,,,,,,,,,,,,,,0,0,,,,,,,,0,0,23535,831.6254,0.309594,540.1767,348.0212,13,0.4594,16,0.5654,3,45,1.5901,13778,10038,354.6996,0.24036,12233,,,272,252,20,,,9.6113,3387,4605,78,3554,4729,93,-167,-124,-15,0,0,1,0,1,0,6229,7573,139,5551,7163,146,678,410,-7,0,0,1,0,1,0,8875,10277,191,8035,10437,202,840,-160,-11,0,1,2,0,4,0,11413,12763,226,10395,13017,242,1018,-254,-16,1,3,2,1,5,1
LOLTMNT02_149440,complete,,LCK,2024,Summer,0,"2024-08-07 08:56:18",2,14.15,8,Red,mid,Chovy,oe:player:fb6e61b8acb05df17b7e5ad4ae7c800,Gen.G,oe:team:50f58982d91a36557ec8aec52ab014f,Corki,Rumble,Ashe,Aurora,Yasuo,Vi,,,,,,2034,1,11,2,4,20,11,2,1,0,0,0,0,0,1,0.59,0.9145,,,,,,,,,,,,,,,,,,,,,0,0,,,,,,,,0,0,50754,1497.1681,0.369655,586.2537,507.4926,14,0.413,17,0.5015,5,62,1.8289,22391,17966,529.9705,0.355115,18808,,,396,368,28,,,11.6814,3642,4956,93,3961,4814,96,-319,142,-3,0,0,1,1,0,0,6275,7659,153,6693,7484,150,-418,175,3,0,0,1,2,0,0,9349,11063,218,8769,9894,188,580,1169,30,2,0,2,3,1,0,12653,15412,281,12075,13112,249,578,2300,32,2,2,2,4,1,0
LOLTMNT02_151332,complete,,LCK,2024,Summer,0,"2024-08-09 08:06:33",1,14.15,3,Blue,mid,Chovy,oe:player:fb6e61b8acb05df17b7e5ad4ae7c800,Gen.G,oe:team:50f58982d91a36557ec8aec52ab014f,Draven,Ivern,Leona,Kalista,Ashe,"Miss Fortune",,,,,,1752,1,3,0,7,13,4,0,0,0,0,0,0,0,0,0.4452,0.5822,,,,,,,,,,,,,,,,,,,,,0,0,,,,,,,,0,0,18342,628.1507,0.2651,471.9521,593.3904,17,0.5822,12,0.411,6,60,2.0548,13885,10035,343.6644,0.255075,12550,,,276,268,8,,,9.4521,3323,4663,91,3519,4695,82,-196,-32,9,0,0,0,1,0,0,6140,6967,133,5217,7288,137,923,-321,-4,1,0,0,1,0,0,7958,10082,191,7059,9711,190,899,371,1,1,0,0,1,0,0,10981,13595,247,8983,12547,244,1998,1048,3,2,3,0,1,1,1
LOLTMNT02_152438,complete,,LCK,2024,Summer,0,"2024-08-09 08:58:05",2,14.15,8,Red,mid,Chovy,oe:player:fb6e61b8acb05df17b7e5ad4ae7c800,Gen.G,oe:team:50f58982d91a36557ec8aec52ab014f,Draven,Ivern,Leona,Rumble,"Miss Fortune",Kalista,,,,,,1827,0,2,3,3,7,17,0,0,0,0,0,0,0,1,0.2299,0.7882,,,,,,,,,,,,,,,,,,,,,0,0,,,,,,,,0,1,16555,543.6782,0.209796,552.7094,593.4647,15,0.4926,7,0.2299,4,33,1.0837,12739,8736,286.8966,0.272171,12500,,,275,258,17,,,9.0312,3417,4701,91,4612,4783,84,-1195,-82,7,0,0,2,4,0,0,5773,7666,140,7365,7534,144,-1592,132,-4,1,1,2,5,0,1,9065,10126,188,10631,10190,193,-1566,-64,-5,2,1,2,7,1,1,10613,12380,230,13362,13450,238,-2749,-1070,-8,2,1,2,9,1,1
LOLTMNT02_152455,complete,,LCK,2024,Summer,0,"2024-08-09 09:49:48",3,14.15,3,Blue,mid,Chovy,oe:player:fb6e61b8acb05df17b7e5ad4ae7c800,Gen.G,oe:team:50f58982d91a36557ec8aec52ab014f,Corki,Ivern,Leona,Renekton,Nautilus,Rell,,,,,,2392,0,2,3,2,8,18,0,0,0,0,0,0,0,0,0.2007,0.6522,,,,,,,,,,,,,,,,,,,,,0,0,,,,,,,,0,0,44261,1110.2258,0.376436,780.8278,631.8813,14,0.3512,27,0.6773,2,71,1.7809,17158,12003,301.0786,0.296718,15583,,,411,371,40,,,10.3094,3553,5127,98,3272,4708,88,281,419,10,0,0,0,0,0,0,6566,8469,161,5439,7633,139,1127,836,22,1,0,1,1,0,1,9451,11825,226,7146,10071,182,2305,1754,44,1,0,1,1,1,1,11323,14068,261,9033,13285,237,2290,783,24,2,1,1,1,2,2
LOLTMNT02_157551,complete,,LCK,2024,Summer,0,"2024-08-16 12:04:40",1,14.15,3,Blue,mid,Chovy,oe:player:fb6e61b8acb05df17b7e5ad4ae7c800,Gen.G,oe:team:50f58982d91a36557ec8aec52ab014f,Tristana,Yone,Nilah,Sejuani,Alistar,"Miss Fortune",,,,,,1883,1,5,0,4,19,5,0,0,0,0,0,0,0,0,0.6054,0.7647,,,,,,,,,,,,,,,,,,,,,0,0,,,,,,,,0,0,34912,1112.4376,0.326576,819.7982,450.6213,12,0.3824,9,0.2868,2,36,1.1471,14188,10071,320.9028,0.227377,13000,,,313,293,20,,,9.9734,3413,4701,96,3425,5001,97,-12,-300,-1,0,0,0,0,0,1,5247,7430,144,5531,7433,147,-284,-3,-3,0,0,0,0,0,2,7501,10139,204,8062,9899,194,-561,240,10,0,0,0,1,0,2,9723,12803,252,9495,11899,233,228,904,19,1,0,0,1,0,3
LOLTMNT02_157559,complete,,LCK,2024,Summer,0,"2024-08-16 12:59:00",2,14.15,8,Red,mid,Chovy,oe:player:fb6e61b8acb05df17b7e5ad4ae7c800,Gen.G,oe:team:50f58982d91a36557ec8aec52ab014f,Tristana,Yone,Rumble,Nilah,Leona,Nautilus,,,,,,1923,1,6,3,10,25,14,1,1,0,0,0,0,0,0,0.78,1.2168,,,,,,,,,,,,,,,,,,,,,0,0,,,,,,,,2,0,35210,1098.5959,0.342593,836.8799,700.2184,15,0.468,17,0.5304,4,67,2.0905,17509,13310,415.2886,0.287431,16150,,,345,309,36,,,10.7644,4422,5073,100,3299,4706,83,1123,367,17,3,0,0,0,1,1,7197,7858,156,5712,7792,148,1485,66,8,3,1,0,0,1,1,9482,11184,211,8181,10604,193,1301,580,18,3,3,2,2,2,2,12562,14943,263,9819,12177,220,2743,2766,43,5,8,3,3,4,4
LOLTMNT02_159074,complete,,LCK,2024,Summer,0,"2024-08-18 08:58:25",1,14.15,8,Red,mid,Chovy,oe:player:fb6e61b8acb05df17b7e5ad4ae7c800,Gen.G,oe:team:50f58982d91a36557ec8aec52ab014f,Tristana,Maokai,Rumble,Vi,Alistar,Poppy,,,,,,1588,1,3,1,5,10,4,1,0,0,0,0,0,0,0,0.3778,0.529,,,,,,,,,,,,,,,,,,,,,0,0,,,,,,,,1,0,15986,604.005,0.259656,644.2065,343.2242,13,0.4912,11,0.4156,4,35,1.3224,12090,8575,323.9924,0.246849,10950,,,276,255,21,,,10.4282,3280,4759,91,3850,5157,101,-570,-398,-10,0,0,1,1,0,0,5578,7684,150,5871,8032,160,-293,-348,-10,0,0,1,1,0,0,7773,10960,212,8344,11003,224,-571,-43,-12,0,0,1,1,1,0,10792,14456,258,10289,13256,260,503,1200,-2,2,2,1,1,2,0
LOLTMNT02_159097,complete,,LCK,2024,Summer,0,"2024-08-18 09:47:23",2,14.15,8,Red,mid,Chovy,oe:player:fb6e61b8acb05df17b7e5ad4ae7c800,Gen.G,oe:team:50f58982d91a36557ec8aec52ab014f,Tristana,Maokai,Rumble,Vi,Rell,Braum,,,,,,2269,1,9,3,3,19,12,1,0,0,0,0,0,0,0,0.5024,0.7933,,,,,,,,,,,,,,,,,,,,,1,0,,,,,,,,0,0,29435,778.3605,0.282423,725.368,516.4654,21,0.5553,31,0.8197,7,75,1.9833,18457,13553,358.387,0.275605,15425,,,383,347,36,,,10.1278,3829,4688,97,3546,4369,89,283,319,8,1,0,1,1,0,0,5752,7459,153,5874,7230,135,-122,229,18,1,0,2,3,1,0,8274,10966,220,8133,10170,192,141,796,28,2,0,2,3,1,0,10560,13214,260,10168,12406,238,392,808,22,4,1,2,4,1,0
LOLTMNT03_143238,complete,,LCK,2024,Summer,1,"2024-08-28 08:10:07",1,14.16,3,Blue,mid,Chovy,oe:player:fb6e61b8acb05df17b7e5ad4ae7c800,Gen.G,oe:team:50f58982d91a36557ec8aec52ab014f,Tristana,Vi,LeBlanc,Smolder,Yasuo,Mordekaiser,,,,,,2266,1,3,1,3,13,6,1,1,0,0,0,0,0,0,0.3442,0.5031,,,,,,,,,,,,,,,,,,,,,0,0,,,,,,,,0,0,23000,609.0026,0.23238,564.0953,504.7043,17,0.4501,18,0.4766,4,73,1.9329,18603,13705,362.8861,0.283274,17800,,,430,374,56,,,11.3857,3494,4994,96,3534,4904,102,-40,90,-6,0,0,0,0,0,0,6139,8214,159,5441,7672,158,698,542,1,0,0,0,0,0,0,8286,11054,212,7517,10420,203,769,634,9,0,1,0,1,1,0,10245,13898,271,9825,13136,249,420,762,22,0,1,1,2,2,0
LOLTMNT03_143239,complete,,LCK,2024,Summer,1,"2024-08-28 09:11:06",2,14.16,8,Red,mid,Chovy,oe:player:fb6e61b8acb05df17b7e5ad4ae7c800,Gen.G,oe:team:50f58982d91a36557ec8aec52ab014f,Garen,LeBlanc,Smolder,Rumble,Rell,Nautilus,,,,,,1695,1,5,3,5,18,10,1,0,0,0,0,0,0,0,0.6372,0.9912,,,,,,,,,,,,,,,,,,,,,0,0,,,,,,,,1,0,17560,621.5929,0.253092,684.1416,836.6726,12,0.4248,5,0.177,7,32,1.1327,14382,10649,376.9558,0.252223,11700,,,322,276,46,,,11.3982,3494,4878,96,3213,4779,77,281,99,19,0,0,0,0,2,0,5625,8132,150,4567,6853,111,1058,1279,39,1,0,1,0,2,2,7870,11069,201,6527,9752,157,1343,1317,44,2,1,2,0,4,2,10975,15944,280,8410,11650,191,2565,4294,89,2,4,3,1,4,4
LOLTMNT03_143242,complete,,LCK,2024,Summer,1,"2024-08-28 10:03:23",3,14.16,8,Red,mid,Chovy,oe:player:fb6e61b8acb05df17b7e5ad4ae7c800,Gen.G,oe:team:50f58982d91a36557ec8aec52ab014f,Corki,LeBlanc,Smolder,Rumble,Kai'Sa,Olaf,,,,,,1719,1,5,4,10,25,16,2,1,0,0,0,0,0,0,0.8726,1.4311,,,,,,,,,,,,,,,,,,,,,0,0,,,,,,,,0,0,19980,697.3822,0.241086,704.363,409.3892,11,0.3839,12,0.4188,2,52,1.815,13825,10043,350.541,0.243274,12733,,,287,259,28,,,10.0175,3645,4866,101,3715,4759,88,-70,107,13,0,1,1,1,1,1,5822,7904,155,5484,7622,137,338,282,18,0,2,2,1,2,1,7796,10608,207,7873,11353,193,-77,-745,14,0,3,3,1,7,1,9925,13687,262,9765,12912,218,160,775,44,0,7,3,3,9,2
LOLTMNT03_143986,complete,,LCK,2024,Summer,1,"2024-08-31 06:07:46",1,14.16,3,Blue,mid,Chovy,oe:player:fb6e61b8acb05df17b7e5ad4ae7c800,Gen.G,oe:team:50f58982d91a36557ec8aec52ab014f,Zeri,Vi,Yone,Ivern,Rell,Camille,,,,,,1986,0,3,1,0,6,17,1,0,0,0,0,0,0,0,0.1813,0.6949,,,,,,,,,,,,,,,,,,,,,0,0,,,,,,,,0,0,19663,594.0483,0.267819,514.4713,344.2296,5,0.1511,28,0.8459,5,51,1.5408,14746,10419,314.7734,0.320714,15625,,,363,331,32,,,10.9668,4095,4460,99,3484,4643,93,611,-183,6,2,0,0,0,0,0,6711,7604,163,6302,7227,146,409,377,17,2,0,0,0,0,0,9104,10723,230,8063,9433,193,1041,1290,37,2,0,0,0,1,0,11196,13266,289,10420,12747,239,776,519,50,2,0,0,1,5,0
LOLTMNT03_143993,complete,,LCK,2024,Summer,1,"2024-08-31 07:03:21",2,14.16,3,Blue,mid,Chovy,oe:player:fb6e61b8acb05df17b7e5ad4ae7c800,Gen.G,oe:team:50f58982d91a36557ec8aec52ab014f,Smolder,Vi,Maokai,Sejuani,Rell,Nautilus,,,,,,1737,1,6,1,10,22,6,0,0,0,0,0,0,0,0,0.7599,0.9672,,,,,,,,,,,,,,,,,,,,,0,0,,,,,,,,1,0,23084,797.3748,0.284506,652.9534,414.7496,14,0.4836,12,0.4145,5,45,1.5544,13761,9942,343.4197,0.233298,12125,,,296,284,12,,,10.2245,3204,4916,91,3512,4793,89,-308,123,2,0,0,0,0,0,0,5543,7445,129,5234,7318,145,309,127,-16,2,2,1,0,0,1,7516,10283,183,7543,10216,201,-27,67,-18,2,2,1,0,1,1,10802,14992,249,9454,12752,251,1348,2240,-2,4,7,1,0,1,2
LOLTMNT03_144116,complete,,LCK,2024,Summer,1,"2024-08-31 07:55:34",3,14.16,8,Red,mid,Chovy,oe:player:fb6e61b8acb05df17b7e5ad4ae7c800,Gen.G,oe:team:50f58982d91a36557ec8aec52ab014f,Corki,Rumble,Smolder,Maokai,Bard,Rakan,,,,,,1876,1,4,2,6,12,5,0,0,0,0,0,0,0,1,0.3838,0.5437,,,,,,,,,,,,,,,,,,,,,0,0,,,,,,,,0,0,34783,1112.4627,0.364938,602.6546,312.2814,14,0.4478,15,0.4797,8,50,1.5991,14587,10484,335.3092,0.288279,13233,,,322,301,21,,,10.2985,3667,4902,92,3663,4890,97,4,12,-5,1,0,1,0,1,0,5659,8132,155,6255,7590,155,-596,542,0,1,0,1,0,1,0,7520,10710,210,8206,10587,206,-686,123,4,1,0,1,0,1,0,10322,13497,259,9785,12913,230,537,584,29,2,2,1,0,2,1
LOLTMNT03_145002,complete,,LCK,2024,Summer,1,"2024-08-31 08:49:36",4,14.16,8,Red,mid,Chovy,oe:player:fb6e61b8acb05df17b7e5ad4ae7c800,Gen.G,oe:team:50f58982d91a36557ec8aec52ab014f,Corki,Rumble,Smolder,Yone,Rakan,Nautilus,,,,,,1889,1,9,1,14,28,10,1,0,0,0,0,0,0,0,0.8894,1.207,,,,,,,,,,,,,,,,,,,,,1,0,,,,,,,,1,0,36143,1148.0042,0.330922,561.9481,365.2726,17,0.54,18,0.5717,7,56,1.7787,17307,13178,418.5707,0.305898,15358,,,327,295,32,,,10.3864,3905,4732,99,4179,4368,83,-274,364,16,1,2,0,3,0,1,6176,7682,158,6078,6858,132,98,824,26,2,4,0,4,0,2,9439,10707,216,9129,9383,183,310,1324,33,2,4,0,5,1,2,11905,12960,246,10734,11337,212,1171,1623,34,5,7,1,6,2,3
LOLTMNT03_146529,complete,,LCK,2024,Summer,1,"2024-09-08 06:29:41",1,14.16,3,Blue,mid,Chovy,oe:player:fb6e61b8acb05df17b7e5ad4ae7c800,Gen.G,oe:team:50f58982d91a36557ec8aec52ab014f,Smolder,Sejuani,Maokai,Vi,Braum,Nautilus,,,,,,2412,0,9,2,7,19,18,2,1,0,0,0,0,0,0,0.4726,0.9204,,,,,,,,,,,,,,,,,,,,,1,0,,,,,,,,0,0,51121,1271.6667,0.463053,588.3085,469.2786,20,0.4975,17,0.4229,7,78,1.9403,20619,15423,383.6567,0.297742,24840,,,419,370,49,,,10.4229,3451,4791,98,3395,4492,93,56,299,5,0,0,0,0,0,0,5723,8131,159,6848,7490,159,-1125,641,0,0,1,0,0,1,0,8492,11393,222,9434,10592,212,-942,801,10,1,3,0,0,2,0,10683,13429,255,12819,14355,256,-2136,-926,-1,3,4,1,4,2,0
LOLTMNT03_147402,complete,,LCK,2024,Summer,1,"2024-09-08 07:41:05",2,14.16,3,Blue,mid,Chovy,oe:player:fb6e61b8acb05df17b7e5ad4ae7c800,Gen.G,oe:team:50f58982d91a36557ec8aec52ab014f,Corki,Sejuani,Maokai,Smolder,Leona,Nautilus,,,,,,2273,1,5,1,10,18,6,1,0,0,0,0,0,0,0,0.4751,0.6335,,,,,,,,,,,,,,,,,,,,,0,0,,,,,,,,0,0,30929,816.4276,0.306061,391.9666,269.6436,17,0.4487,25,0.6599,5,93,2.4549,18388,13475,355.6973,0.266998,15858,,,419,394,25,,,11.0603,3568,5073,104,3442,4931,96,126,142,8,0,0,0,0,0,0,5537,8032,164,6394,7859,149,-857,173,15,0,0,0,2,0,0,7947,11718,232,8068,9722,189,-121,1996,43,0,3,0,2,2,2,10347,14367,278,9901,11527,226,446,2840,52,1,6,1,2,3,4
LOLTMNT03_147403,complete,,LCK,2024,Summer,1,"2024-09-08 08:41:17",3,14.16,8,Red,mid,Chovy,oe:player:fb6e61b8acb05df17b7e5ad4ae7c800,Gen.G,oe:team:50f58982d91a36557ec8aec52ab014f,Corki,Rumble,Smolder,Sejuani,Poppy,Bard,,,,,,2016,1,3,2,5,14,8,1,0,0,0,0,0,0,0,0.4167,0.6548,,,,,,,,,,,,,,,,,,,,,0,0,,,,,,,,0,0,25365,754.9107,0.306967,483.7202,392.0536,12,0.3571,34,1.0119,0,57,1.6964,14928,10540,313.6905,0.240574,13683,,,351,305,46,,,10.4464,4176,4614,97,3438,4319,84,738,295,13,2,0,0,1,1,1,6088,7158,153,5265,7279,138,823,-121,15,2,1,0,1,1,1,8297,10310,219,6985,9882,184,1312,428,35,2,1,0,1,1,1,10358,13027,265,8666,11815,226,1692,1212,39,2,1,1,1,1,2
LOLTMNT03_147404,complete,,LCK,2024,Summer,1,"2024-09-08 09:37:23",4,14.16,8,Red,mid,Chovy,oe:player:fb6e61b8acb05df17b7e5ad4ae7c800,Gen.G,oe:team:50f58982d91a36557ec8aec52ab014f,Corki,Rumble,Smolder,Ashe,Bard,Rell,,,,,,1809,0,5,3,0,6,19,1,1,0,0,0,0,0,0,0.199,0.8292,,,,,,,,,,,,,,,,,,,,,0,0,,,,,,,,0,1,23765,788.2255,0.400246,582.3549,442.7861,13,0.4312,10,0.3317,4,42,1.393,14456,10490,347.927,0.328716,13983,,,313,293,20,,,10.3814,3603,4961,102,3539,4786,100,64,175,2,0,0,0,0,0,0,6394,7800,160,7354,8057,167,-960,-257,-7,0,0,0,1,0,0,8435,10458,211,10350,11885,222,-1915,-1427,-11,1,0,1,3,2,0,10438,13178,264,13012,15277,278,-2574,-2099,-14,1,0,1,3,2,0
LOLTMNT03_147405,complete,,LCK,2024,Summer,1,"2024-09-08 10:43:57",5,14.16,3,Blue,mid,Chovy,oe:player:fb6e61b8acb05df17b7e5ad4ae7c800,Gen.G,oe:team:50f58982d91a36557ec8aec52ab014f,Corki,Tristana,Sejuani,Maokai,Alistar,Rakan,,,,,,2291,0,0,3,1,4,15,0,0,0,0,0,0,0,0,0.1048,0.4976,,,,,,,,,,,,,,,,,,,,,0,0,,,,,,,,0,0,23726,621.3706,0.367799,479.6072,352.7455,17,0.4452,12,0.3143,6,56,1.4666,14791,9842,257.7564,0.274796,15033,,,371,360,11,,,9.7163,3576,4911,100,3331,4403,90,245,508,10,0,0,0,0,0,0,5770,7815,152,5525,7121,138,245,694,14,0,0,0,1,2,0,8306,11039,214,8231,10469,203,75,570,11,0,0,0,2,2,0,9915,13401,253,10072,13351,249,-157,50,4,0,1,1,2,4,0
